"","NEG01","NEG02","NEG03","NEG04","NEG05","NEG06","NEG07","NEG08","NEG09","NEG10","PO01_1","PO01_2","PO02_1","PO02_2","PO03_1","PO03_2","PO04_1","PO04_2","PO05_1","PO05_2","POOBK","POOEB","POS01","POS02","POS03","POS04","POS05","POS06","POS07","POS08","POS09","POS10","SB01_1","SB01_2","SB02_1","SB02_2","SB03_1","SB03_2","SB04_1","SB04_2","SB05_1","SB05_2","SB06_1","SB06_2","SB07_1","SB07_2","SB08_1","SB08_2","SB09_1","SB09_2","SB10_1","SB10_2","SB12_1","SB12_2","SB14_1","SB14_2","SB15_1","SB15_2","SB16_1","SB16_2","SB17_1","SB17_2","SBK1","SBK2","SC01_1","SC01_2","SC02_1","SC02_2","SC03_1","SC03_2","SC04_1","SC04_2","SC05_1","SC05_2","SC06_1","SC06_2","SC07_1","SC07_2","SC08_1","SC08_2","SC09_1","SC09_2","SC10_1","SC10_2","SC11_1","SC11_2","SC12_1","SC12_2","SC13_1","SC13_2","SC14_1","SC14_2","SC15_1","SC15_2","SEB1","SEB10","SEB2","SEB3","SEB4","SEB5","SEB6","SEB7","SEB8","SEB9","SF01_1","SF01_2","SF02_1","SF02_2","SF03_1","SF03_2","SF04_1","SF04_2","SF05_1","SF05_2","SF06_1","SF06_2","SF07_1","SF07_2","SF08_1","SF08_2","SF09_1","SF09_2","SF10_1","SF10_2","SF11_1","SF11_2","SF12_1","SF12_2","SG01_1","SG01_2","SG02_1","SG02_2","SG03_1","SG03_2","SG04_1","SG04_2","SG05_1","SG05_2","SG06_1","SG06_2","SG07_1","SG07_2","SG08_1","SG08_2","TB01","TB02","TB03","TB04","TB05","TB06","TB07","TB08","TB09","TB10","TB12","TB14","TB15","TB15D","TB16","TB17","TBK1","TBK2","TBK3","TC01","TC02","TC03","TC04","TC05","TC06","TC07","TC08","TC09","TC10","TC11","TC12","TC13","TC14","TC15","TEB1","TEB2","TEB3","TFB1","WB01","WB01D","WB02","WB03","WB04","WB04D","WB05","WB06","WB07","WB08","WB09","WB10","WB11","WB12","WB13","WB14","WB15","WBK1","WBK3","WBK4","WC01","WC02","WC03","WC04","WC05","WEB1","WEB2","WEB3","WEB4","WF01","WF01D","WF02","WF03","WF04","WF05","WF06","WF06D","WF07","WF08","WG01","WG02","WG03","taxonomy"
"Astatotilapia_calliptera",0,0,280,0,0,4772,0,0,0,69,3,6,475,0,6,0,0,7,0,0,105,238,13627,14316,18132,23865,362829,201670,4298,145415,55409,16346,0,0,0,0,0,0,0,0,0,34,0,0,0,0,16,0,0,0,0,0,0,0,0,0,0,0,0,0,0,0,14,0,0,0,0,0,288,0,0,0,0,0,0,0,0,126,310,0,0,0,0,0,0,0,0,0,374,698,0,414,0,0,0,0,0,0,0,0,0,0,0,0,0,0,0,0,0,0,0,0,0,0,0,3545,0,0,0,0,0,0,0,0,0,0,0,0,0,0,0,0,0,0,0,0,0,0,0,0,0,0,0,0,0,0,0,0,0,0,0,0,0,0,0,0,0,414,0,0,0,0,0,0,0,0,0,0,0,0,0,0,0,0,0,0,0,0,0,0,0,0,0,0,0,0,0,0,0,0,0,0,0,0,0,0,0,0,0,0,0,0,0,0,89,0,0,0,0,0,0,0,164,0,0,0,0,0,161,0,0,0,0,0,"d__Eukaryota; p__Chordata; c__Actinopteri; o__Cichliformes; f__Cichlidae; g__Astatotilapia; s__Astatotilapia_calliptera"
"Rhodeus_amarus",0,0,0,0,0,0,0,0,0,0,0,0,0,0,7,0,0,0,0,0,0,0,0,0,0,0,0,0,0,0,0,0,0,0,0,0,0,0,0,0,0,0,0,0,0,0,0,0,0,0,0,19,7,0,0,0,0,0,0,0,0,0,0,0,0,4,0,0,0,0,0,63,0,0,0,0,3,0,0,0,0,0,0,0,0,0,0,0,0,0,0,0,0,0,0,65,0,0,0,0,0,0,0,70,0,0,0,0,0,0,0,0,0,0,0,0,0,0,0,0,0,0,0,0,0,0,0,0,0,0,0,0,0,0,0,0,3,0,10,0,0,0,0,0,0,0,0,0,0,0,0,0,0,0,0,0,0,0,0,0,0,0,0,0,0,0,0,0,4,0,0,0,0,0,0,0,0,0,0,0,0,0,0,0,0,0,0,0,0,10,0,6,0,0,0,0,0,8,0,0,0,0,0,0,0,0,0,0,0,0,0,0,0,0,0,0,0,0,0,0,0,0,0,0,"d__Eukaryota; p__Chordata; c__Actinopteri; o__Cypriniformes; f__Acheilognathidae; g__Rhodeus; s__Rhodeus_amarus"
"Cobitis_taenia",0,0,0,0,0,0,0,0,0,0,0,0,0,0,0,0,0,0,0,0,3,4,18,6,14,14,289,64,6,86,52,18,0,0,0,0,0,0,0,0,0,0,0,0,0,0,0,0,0,0,0,11,3,0,0,0,0,0,0,0,0,0,0,0,0,4,0,0,0,0,0,5,0,0,0,0,0,0,0,3,0,0,0,0,0,0,0,0,0,0,0,0,0,0,0,10,0,0,0,0,0,0,0,9,0,0,3,0,0,0,0,0,0,0,0,0,0,0,0,0,0,0,5,3,0,0,0,0,0,0,0,0,0,0,0,0,0,0,0,0,0,0,0,0,0,0,0,0,0,0,0,0,0,0,0,0,0,0,0,0,0,0,0,0,0,0,0,0,0,0,0,0,3,0,0,0,0,4,0,0,0,0,0,0,0,0,0,0,0,10,0,4,0,0,0,0,3,0,0,0,0,0,0,0,0,0,0,0,0,0,0,0,0,0,0,0,0,0,0,0,0,0,0,0,"d__Eukaryota; p__Chordata; c__Actinopteri; o__Cypriniformes; f__Cobitidae; g__Cobitis; s__Cobitis_taenia"
"Cyprinus_carpio",0,0,0,0,0,0,0,0,0,0,0,0,0,0,0,0,0,0,0,0,0,0,0,0,0,0,0,0,0,0,0,0,0,0,0,0,0,0,0,0,0,0,0,0,0,0,0,0,0,0,0,0,0,0,0,0,0,0,0,0,0,0,0,0,0,0,0,0,0,0,42,0,0,0,98,0,0,0,0,0,0,0,0,0,0,0,33,0,0,0,0,0,0,0,0,0,0,0,0,0,0,0,0,0,0,0,0,0,0,0,0,6,0,0,0,0,0,0,0,0,0,0,0,0,0,0,0,0,0,0,0,0,0,0,0,0,0,0,0,0,0,0,0,0,0,0,0,0,0,0,0,0,0,0,0,0,0,0,0,0,0,0,8,0,49,0,0,0,0,0,0,0,0,0,0,0,0,0,0,0,0,0,0,0,0,0,0,0,0,0,0,0,0,0,0,0,3,0,0,0,0,0,0,0,0,0,0,0,0,0,20,0,0,0,0,0,0,0,0,0,0,0,0,0,"d__Eukaryota; p__Chordata; c__Actinopteri; o__Cypriniformes; f__Cyprinidae; g__Cyprinus; s__Cyprinus_carpio"
"Gobio_gobio",0,0,0,0,0,0,0,0,0,0,0,3,0,0,0,0,0,0,0,0,0,0,0,0,0,0,0,0,0,0,0,0,0,0,0,0,0,0,0,0,0,0,0,0,0,0,0,0,0,0,0,0,0,0,0,0,0,0,0,0,0,0,0,0,0,5,0,0,0,0,0,4,0,0,0,0,0,0,0,0,0,0,0,0,0,0,0,0,0,0,0,0,0,0,0,0,0,0,0,0,0,0,0,0,0,0,0,0,0,0,0,0,0,0,0,0,0,0,0,0,0,0,0,3,0,0,0,0,0,0,0,0,0,0,0,0,4,0,0,0,0,0,0,0,0,0,0,0,0,0,0,0,0,0,0,0,0,0,0,5,0,0,0,0,0,0,0,0,0,0,0,0,0,0,0,0,0,0,0,0,0,0,0,0,0,0,0,0,0,0,0,0,0,0,0,0,0,0,0,0,0,0,0,0,0,0,0,0,0,0,0,0,0,0,0,0,0,0,0,0,0,0,0,0,"d__Eukaryota; p__Chordata; c__Actinopteri; o__Cypriniformes; f__Gobionidae; g__Gobio; s__Gobio_gobio"
"Abramis_brama",0,0,0,0,0,0,0,0,0,0,0,0,0,0,0,0,0,0,0,0,0,0,0,0,0,0,0,0,0,0,0,0,0,0,0,0,0,0,0,0,0,0,0,0,0,0,0,0,0,0,0,0,0,0,0,0,0,0,0,0,0,0,0,0,0,0,0,0,0,0,0,0,0,0,27,0,0,0,0,0,0,0,0,0,0,0,0,0,0,0,0,0,0,0,0,4,0,0,0,0,0,0,0,0,0,0,0,0,0,0,0,0,0,0,0,0,0,0,0,0,0,0,0,0,0,0,0,0,0,0,0,0,0,0,0,0,5,0,0,0,0,0,0,0,0,0,0,0,0,0,0,0,0,0,0,0,0,0,0,0,4,0,0,0,20,0,0,0,0,0,0,0,0,0,0,0,0,0,0,0,0,0,0,0,0,0,0,0,0,0,0,0,0,0,3,0,0,0,3,4,0,0,0,6,8,12,0,0,0,0,0,0,0,0,0,0,0,0,0,0,0,0,0,0,"d__Eukaryota; p__Chordata; c__Actinopteri; o__Cypriniformes; f__Leuciscidae; g__Abramis; s__Abramis_brama"
"Blicca_bjoerkna",0,0,0,0,0,0,0,0,0,0,0,0,0,0,0,0,0,0,0,0,0,0,0,0,0,0,0,0,0,0,0,0,0,0,0,0,0,0,0,0,0,0,0,0,0,0,0,0,0,0,0,0,0,0,0,0,0,0,0,0,0,0,0,0,0,0,0,0,0,0,0,0,0,0,0,0,0,0,0,0,0,0,0,0,0,0,0,0,0,0,0,0,0,0,0,0,0,0,0,0,0,0,0,0,0,0,0,0,6,0,0,0,0,0,0,0,0,0,0,0,0,0,0,0,0,0,0,0,0,0,0,0,0,0,0,0,0,0,0,0,0,0,0,0,0,0,0,0,0,0,0,0,0,0,0,0,0,0,0,0,5,0,0,0,0,0,0,0,0,0,0,0,0,0,0,0,0,0,16,0,0,0,0,0,0,0,0,0,0,0,0,0,0,0,0,0,0,0,12,6,0,0,0,0,0,0,3,0,0,0,0,0,0,4,0,0,0,0,0,0,0,0,0,0,"d__Eukaryota; p__Chordata; c__Actinopteri; o__Cypriniformes; f__Leuciscidae; g__Blicca; s__Blicca_bjoerkna"
"Leucaspius_delineatus",0,0,0,0,0,0,0,0,0,0,0,0,0,0,0,0,0,0,0,0,0,0,0,0,0,0,0,0,0,0,0,0,0,0,0,0,0,0,0,0,0,0,0,0,0,0,0,0,0,0,0,0,0,0,0,0,0,0,0,0,0,0,0,0,0,0,0,0,0,0,0,0,0,0,0,0,0,0,0,0,0,0,0,0,0,0,0,0,0,0,0,0,0,0,0,0,0,0,0,0,0,0,0,0,0,0,0,0,0,0,0,0,0,0,0,0,0,0,0,0,0,0,0,0,0,0,0,0,0,0,0,0,0,0,0,0,0,0,0,0,0,0,0,0,0,0,0,0,0,0,0,0,0,0,0,0,0,0,114,0,0,0,0,0,0,0,0,0,0,0,0,0,0,0,0,0,0,0,0,0,0,0,0,0,0,0,0,0,0,0,0,0,0,0,0,0,0,0,0,0,0,0,0,0,0,0,0,0,0,0,0,71,0,0,0,0,0,0,0,0,0,0,0,0,"d__Eukaryota; p__Chordata; c__Actinopteri; o__Cypriniformes; f__Leuciscidae; g__Leucaspius; s__Leucaspius_delineatus"
"Leuciscus_leuciscus",0,0,0,0,0,0,0,0,0,0,0,0,0,0,0,0,0,0,0,0,0,0,0,0,0,0,0,0,0,0,0,0,0,0,0,0,0,0,0,0,0,0,0,0,0,0,0,0,0,0,0,0,0,0,0,0,0,0,0,0,0,0,0,0,0,14,0,0,0,0,0,0,0,0,0,0,0,0,0,0,0,0,0,0,0,0,0,0,0,0,0,0,0,0,0,0,0,0,0,0,0,0,0,0,0,0,0,0,0,0,0,0,0,0,0,0,0,0,0,0,0,0,0,0,0,0,0,0,0,0,0,0,0,0,0,0,0,0,0,0,0,0,0,0,0,0,0,0,0,0,0,0,0,0,0,0,0,0,0,0,0,0,0,0,0,0,0,0,0,0,0,0,0,0,0,0,0,0,0,0,0,0,0,0,0,0,0,0,0,0,0,0,0,0,0,0,0,0,0,0,0,0,0,0,0,0,0,0,0,0,0,0,0,0,0,0,0,0,0,0,0,0,0,0,"d__Eukaryota; p__Chordata; c__Actinopteri; o__Cypriniformes; f__Leuciscidae; g__Leuciscus; s__Leuciscus_leuciscus"
"Phoxinus_phoxinus",0,0,0,0,0,0,0,0,0,0,0,0,0,0,0,0,0,0,0,0,0,0,0,0,0,0,0,0,0,0,0,0,0,0,0,0,0,0,0,0,0,0,0,0,0,0,0,0,0,0,0,0,0,0,0,0,0,0,0,0,0,0,0,0,0,0,0,0,0,0,0,0,0,0,0,0,0,0,0,0,0,0,0,0,0,0,0,0,122,0,0,0,0,0,0,0,0,0,0,0,0,0,0,0,0,0,0,0,0,0,0,0,0,0,0,0,0,0,0,0,0,0,0,0,0,0,0,0,0,0,0,0,0,0,0,0,0,0,0,0,0,0,0,0,0,0,0,0,0,0,0,0,0,0,0,0,0,0,0,0,0,0,0,0,0,0,0,0,0,0,0,0,0,0,0,0,0,0,0,0,0,0,0,0,0,0,0,0,40632,21412,32989,49807,0,0,0,0,0,0,0,0,0,0,0,0,0,0,0,0,0,0,0,0,0,0,0,0,0,0,0,0,0,0,0,0,"d__Eukaryota; p__Chordata; c__Actinopteri; o__Cypriniformes; f__Leuciscidae; g__Phoxinus; s__Phoxinus_phoxinus"
"Pimephales_promelas",0,0,0,0,0,0,0,0,0,0,0,0,0,0,0,0,0,0,0,0,0,0,6,10,7,8,184,42,4,19,10,16,0,0,0,0,0,0,0,0,0,0,0,0,0,0,0,0,0,0,0,0,0,0,0,0,0,0,0,0,0,0,0,0,0,0,0,0,0,0,0,0,0,0,0,0,0,0,0,0,0,0,0,0,0,0,0,0,0,0,0,0,0,0,0,0,0,0,0,0,0,0,0,0,0,0,0,0,0,0,0,0,0,0,0,0,0,0,0,0,0,0,0,0,0,0,0,0,0,0,0,0,0,0,0,0,0,0,0,0,0,0,0,0,0,0,0,0,0,0,0,0,0,0,0,0,0,0,0,0,0,0,0,0,0,0,0,0,0,0,0,0,0,0,0,0,0,0,0,0,0,0,0,0,0,0,0,0,0,0,0,0,0,0,0,0,0,0,0,0,0,0,0,0,0,0,0,0,0,0,0,0,0,0,0,0,0,0,0,0,0,0,0,0,"d__Eukaryota; p__Chordata; c__Actinopteri; o__Cypriniformes; f__Leuciscidae; g__Pimephales; s__Pimephales_promelas"
"Rutilus_rutilus",0,0,0,0,0,0,0,0,0,0,0,52,3,62,0,0,0,0,85,0,30,90,0,0,0,0,0,0,0,0,0,0,0,0,0,0,0,0,0,0,0,3,0,0,0,0,3,5,0,5,0,71,0,36,15,0,0,0,11,0,0,0,0,0,0,77,0,18,4,46,0,61,0,0,17,0,23,3,47,67,54,0,4,8,5,24,0,0,0,63,12,7,9,35,0,80,0,0,0,0,0,0,0,47,0,0,20,10,0,4,0,0,0,0,4,0,0,0,0,0,0,0,19,34,0,0,0,0,0,0,0,11,4,22,0,0,19,0,0,0,13,0,0,0,0,0,0,0,0,0,17,0,0,0,26,12,0,0,17,76,74,27,0,0,4,70,0,0,0,0,0,0,46,0,0,6,33,53,0,0,0,23,7,29,31,0,0,0,34,37,0,50,6,0,32,0,0,13,50,31,0,0,0,62,58,57,31,0,0,20,0,47,9,24,12,0,0,0,0,40,0,0,3,0,"d__Eukaryota; p__Chordata; c__Actinopteri; o__Cypriniformes; f__Leuciscidae; g__Rutilus; s__Rutilus_rutilus"
"Scardinius_erythrophthalmus",0,0,0,0,0,0,0,0,0,0,0,0,0,0,0,0,0,0,0,0,10,4,0,0,0,0,0,0,0,0,0,0,0,0,0,0,0,0,0,9,0,3,0,0,0,0,0,0,0,106,0,47,0,14,0,0,0,0,14,6,0,5,0,0,4,8,7,0,0,30,0,73,0,0,4,0,34,33,0,5,0,0,0,3,13,12,0,0,0,0,0,4,0,0,0,53,0,0,0,0,0,49,38,54,0,0,0,0,4,4,0,0,0,0,22,0,83,0,0,0,0,0,0,0,0,0,0,0,0,0,0,3,0,5,0,0,0,0,0,0,40,0,0,0,0,0,30,0,0,0,0,37,0,0,48,0,0,0,33,0,31,0,0,0,7,6,35,37,0,0,10,0,0,0,0,0,0,0,6,0,0,7,6,15,0,0,0,7,122,41,0,35,51,0,45,48,0,9,6,0,0,0,0,4,0,0,26,0,0,106,0,104,7,3,3,0,0,0,0,112,0,0,13,0,"d__Eukaryota; p__Chordata; c__Actinopteri; o__Cypriniformes; f__Leuciscidae; g__Scardinius; s__Scardinius_erythrophthalmus"
"Tinca_tinca",0,0,0,0,0,0,0,0,0,0,0,0,0,0,0,0,0,0,6,0,0,0,0,0,0,0,0,0,0,0,0,0,0,0,0,0,0,0,0,0,0,0,0,0,0,0,0,0,0,0,0,0,0,0,0,0,0,0,0,0,0,12,0,0,0,0,0,9,0,0,0,0,0,0,0,0,20,10,0,0,0,0,0,0,0,0,0,0,0,15,0,0,0,0,0,0,0,0,0,0,0,0,0,0,0,0,3,0,8,0,0,0,0,0,13,0,0,0,0,0,0,0,0,3,0,0,0,0,0,0,0,0,0,5,0,9,0,0,0,0,4,0,0,0,0,0,3,0,0,0,0,0,0,0,49,0,0,0,0,6,0,4,0,0,0,0,0,13,0,0,0,0,6,0,0,0,0,0,8,0,0,36,26,4,0,0,0,0,0,0,0,0,0,0,5,30,0,0,4,3,0,0,0,0,0,0,21,0,0,0,0,4,0,0,0,0,0,0,0,0,0,0,0,0,"d__Eukaryota; p__Chordata; c__Actinopteri; o__Cypriniformes; f__Tincidae; g__Tinca; s__Tinca_tinca"
"Hypophthalmichthys_molitrix",0,0,0,0,0,0,0,0,0,0,0,0,0,0,0,0,0,0,0,0,0,0,0,0,0,0,0,0,0,0,0,0,0,0,0,0,0,0,0,0,0,0,0,0,0,0,0,0,0,0,0,0,0,0,0,0,0,0,0,0,0,0,0,0,0,0,0,0,0,0,0,0,0,0,0,0,0,0,0,0,0,0,0,0,0,0,0,0,0,0,0,0,0,0,0,0,0,0,0,0,0,0,0,0,0,0,0,0,0,0,0,0,0,0,0,0,0,0,0,0,0,0,0,0,0,0,0,0,0,0,0,0,0,0,0,0,0,0,0,0,0,0,861,0,0,0,0,0,0,0,0,0,0,0,0,0,0,0,0,0,0,0,0,0,0,0,0,0,0,0,0,0,0,0,0,0,0,0,0,0,0,0,0,0,0,0,0,0,0,0,0,0,0,0,0,0,0,0,0,0,0,0,0,0,0,0,0,0,0,0,0,0,0,0,0,0,0,0,0,0,0,0,0,0,"d__Eukaryota; p__Chordata; c__Actinopteri; o__Cypriniformes; f__Xenocyprididae; g__Hypophthalmichthys; s__Hypophthalmichthys_molitrix"
"Esox_lucius",0,0,0,0,0,0,0,0,0,0,0,0,0,4,0,0,0,0,0,0,0,0,0,0,0,0,0,0,0,0,0,0,0,0,0,0,0,0,0,0,0,0,0,0,0,0,0,0,0,8,0,0,0,0,0,0,0,0,0,0,0,0,0,0,0,0,0,18,17,0,0,0,0,0,0,3,28,5,0,0,0,0,0,0,8,0,0,11,0,24,27,0,0,0,0,0,0,0,4,0,0,0,0,0,0,0,3,0,0,0,0,0,3,0,6,0,0,0,0,0,0,0,0,8,0,0,0,0,0,0,0,0,0,12,0,0,0,5,0,0,0,0,0,0,0,0,0,0,0,0,26,0,0,0,0,0,0,0,13,0,5,5,0,0,0,0,0,4,0,3,0,0,5,0,0,4,0,0,5,0,57,7,6,3,0,0,0,0,0,0,0,0,0,0,0,0,0,0,0,0,0,0,0,3,0,3,25,0,0,0,0,10,3,0,0,0,0,0,0,10,0,0,0,8,"d__Eukaryota; p__Chordata; c__Actinopteri; o__Esociformes; f__Esocidae; g__Esox; s__Esox_lucius"
"Pomatoschistus_minutus",0,0,0,0,0,0,0,0,0,0,0,0,0,0,0,0,0,0,0,0,0,0,0,0,0,0,0,0,0,0,0,0,0,0,0,0,0,0,0,0,0,0,0,0,0,0,0,0,0,0,0,0,0,0,0,0,0,0,0,0,0,0,0,0,0,0,0,0,0,0,0,0,0,0,0,0,0,0,0,0,0,0,0,0,0,0,0,0,0,0,0,0,0,0,0,0,0,0,0,0,0,0,0,0,0,0,0,0,0,0,0,0,0,0,0,0,0,0,0,0,0,0,0,0,0,0,0,0,0,0,0,0,0,0,0,0,0,0,0,0,0,0,0,0,0,0,0,0,0,0,0,0,0,0,0,0,0,0,0,0,0,0,0,0,0,0,0,0,0,0,0,0,0,7,4,0,0,0,0,0,0,0,0,0,0,0,0,0,0,0,0,0,0,0,0,0,0,0,0,0,0,0,0,0,0,0,0,0,0,0,0,0,0,0,0,0,0,0,0,0,0,0,0,0,"d__Eukaryota; p__Chordata; c__Actinopteri; o__Gobiiformes; f__Gobiidae; g__Pomatoschistus; s__Pomatoschistus_minutus"
"Gasterosteus_aculeatus",0,0,0,0,0,1386,0,0,0,0,4,3,0,94,67,0,0,127,18,0,0,196,0,0,0,0,0,0,0,0,0,0,4,0,0,0,0,0,0,0,0,0,0,0,0,0,3,8,0,0,0,3,39,0,0,0,167,0,82,59,0,127,0,0,9,226,0,0,62,116,193,0,13,82,0,0,50,7,6,187,47,0,106,86,9,0,75,0,261,0,0,81,2336,175,0,0,0,0,0,4,30,16,28,0,0,0,0,0,0,15,29,36,2464,0,49,59,5,0,0,0,25,0,5,113,0,12,0,0,23,14,0,0,35,0,0,0,0,18,40,0,0,75,30,14,0,0,0,43,0,592,0,0,146,0,0,280,0,113,0,0,0,0,70,8,0,6,0,0,27,37,0,0,0,44,43,0,151,136,0,0,0,0,0,10,86,0,380,15,0,0,5,3,0,21,0,0,0,0,0,0,13,0,0,21,24,474,0,0,41,0,56,0,222,227,0,51,0,172,0,0,0,78,0,0,"d__Eukaryota; p__Chordata; c__Actinopteri; o__Perciformes; f__Gasterosteidae; g__Gasterosteus; s__Gasterosteus_aculeatus"
"Pungitius_pungitius",0,0,0,0,0,0,0,0,0,0,0,0,0,26,0,46,0,47,8,95,27,21,0,0,0,0,0,0,0,0,0,0,0,3,0,0,0,0,0,0,0,0,6,3,4,0,0,5,56,0,117,5,5,0,0,0,0,0,34,27,0,34,0,4,16,39,103,7,21,0,28,22,16,59,0,0,18,0,0,0,0,0,0,0,0,4,34,0,0,0,0,0,0,0,0,14,0,0,0,0,8,3,8,8,0,0,19,6,0,9,11,13,0,103,7,14,0,0,0,0,122,13,21,101,0,6,0,0,0,5,0,0,0,3,0,0,0,4,0,0,0,0,18,33,64,6,0,45,0,0,0,72,51,0,0,0,0,0,0,0,0,5,29,52,3,3,0,22,0,0,0,0,0,29,32,0,0,0,20,0,0,3,0,0,0,0,0,9,0,0,3,0,0,7,5,42,0,0,32,15,3,0,0,0,98,0,0,0,32,0,0,0,0,0,0,20,6,0,0,0,0,85,0,0,"d__Eukaryota; p__Chordata; c__Actinopteri; o__Perciformes; f__Gasterosteidae; g__Pungitius; s__Pungitius_pungitius"
"Gymnocephalus_cernua",0,0,0,0,0,0,0,0,0,0,0,0,0,0,0,0,0,0,0,0,0,0,0,0,0,0,0,0,0,0,0,0,0,0,0,0,0,0,0,0,0,0,0,0,0,0,0,0,0,0,0,0,0,0,0,0,0,0,0,0,0,0,0,0,0,0,0,0,0,0,0,0,0,0,0,0,0,0,0,0,0,0,0,0,0,0,0,0,0,0,0,0,0,0,0,0,0,0,0,0,0,0,0,0,0,0,0,0,0,0,0,0,0,0,0,0,0,0,0,0,0,0,0,0,0,0,0,0,0,0,0,0,0,0,0,0,0,0,0,0,0,0,0,0,0,0,0,0,0,0,0,0,0,0,0,0,0,0,0,0,0,0,0,0,4,0,0,0,0,0,0,0,0,0,0,0,0,0,0,0,0,0,0,0,0,0,0,0,0,0,0,0,0,0,0,0,0,0,0,0,0,0,0,0,0,0,0,0,0,0,0,0,0,0,0,0,0,0,0,0,0,0,0,0,"d__Eukaryota; p__Chordata; c__Actinopteri; o__Perciformes; f__Percidae; g__Gymnocephalus; s__Gymnocephalus_cernua"
"Oncorhynchus_mykiss",0,0,0,0,0,0,0,0,0,0,0,0,0,0,0,0,0,0,0,0,0,0,0,0,0,0,0,0,0,0,0,0,0,0,0,0,0,0,0,0,0,0,0,0,0,0,0,0,0,0,0,0,0,0,0,0,0,0,0,0,0,0,0,0,0,0,0,0,0,0,0,0,0,0,0,0,0,0,0,0,0,0,0,0,0,0,0,0,0,0,0,0,0,0,0,0,0,0,0,0,0,0,0,0,0,0,0,0,0,0,0,0,0,0,0,0,0,0,0,0,0,0,0,0,0,0,0,0,0,0,0,0,0,0,0,0,0,0,0,0,0,0,0,0,0,0,0,0,0,0,0,0,0,0,0,0,0,0,0,0,0,0,0,0,0,0,0,0,0,0,0,0,0,0,0,0,0,0,0,0,0,0,0,0,0,719,0,0,0,0,0,0,0,0,0,0,0,0,0,0,0,0,0,0,0,0,0,0,0,0,0,0,0,0,0,0,0,0,0,0,0,0,0,0,"d__Eukaryota; p__Chordata; c__Actinopteri; o__Salmoniformes; f__Salmonidae; g__Oncorhynchus; s__Oncorhynchus_mykiss"
"Salmo_trutta",0,0,0,0,0,0,0,0,0,0,0,0,0,0,0,0,0,0,0,0,0,0,0,0,0,0,0,0,0,0,0,0,0,0,0,0,0,0,0,0,0,0,0,0,0,0,0,0,0,0,0,0,0,0,0,0,0,0,0,0,0,0,0,0,0,0,0,0,0,0,0,0,0,0,0,0,0,0,0,0,0,0,0,0,0,0,0,0,0,0,0,0,0,0,0,0,0,0,0,0,0,0,0,0,0,0,0,0,0,0,0,0,0,0,0,0,0,0,0,0,0,0,0,0,0,0,0,0,0,0,0,0,0,0,0,0,0,0,0,0,0,0,0,0,0,0,0,0,0,0,0,0,0,0,0,0,0,0,0,0,0,0,0,0,0,0,0,0,0,0,0,0,0,0,0,0,0,0,0,430,0,0,0,9,0,0,0,0,22400,15312,22133,24824,7291,29848,23752,51741,47204,0,0,0,0,0,3,0,0,0,0,0,0,0,0,0,0,0,0,0,0,0,0,0,0,0,0,0,"d__Eukaryota; p__Chordata; c__Actinopteri; o__Salmoniformes; f__Salmonidae; g__Salmo; s__Salmo_trutta"
"Bufo_bufo",0,0,0,0,0,0,0,0,0,0,0,0,0,0,0,0,0,0,0,0,0,0,0,0,0,0,0,0,0,0,0,0,0,0,0,0,0,0,0,0,0,0,0,0,0,0,0,0,0,0,0,0,0,0,0,0,0,0,0,0,0,0,0,0,0,0,0,0,0,0,0,0,0,0,0,0,0,0,0,0,0,0,0,0,0,0,0,0,0,43,0,0,0,0,0,0,0,0,0,0,0,0,0,0,0,0,0,0,0,0,0,0,0,0,0,0,0,0,0,0,0,0,0,0,0,0,0,0,0,0,0,0,0,0,0,0,0,0,0,0,0,0,0,0,0,0,0,0,0,0,60,0,0,0,0,0,0,0,0,0,0,0,0,0,0,0,0,0,0,0,0,0,0,0,0,0,0,0,0,0,0,0,0,0,44,0,0,0,1001,429,359,1584,0,0,0,686,0,6167,0,0,0,0,5,0,0,0,0,0,0,0,0,0,0,0,0,0,0,0,0,0,0,0,212,0,"d__Eukaryota; p__Chordata; c__Amphibia; o__Anura; f__Bufonidae; g__Bufo; s__Bufo_bufo"
"Rana_temporaria",0,0,0,0,0,0,0,0,0,0,0,0,0,0,0,0,0,0,0,0,0,0,0,0,0,0,0,0,0,0,0,0,0,0,0,0,0,0,0,0,0,0,0,0,0,0,0,0,0,0,0,0,0,0,0,0,0,0,0,0,0,0,0,0,0,0,0,0,0,4,0,0,0,0,0,0,0,0,0,1790,0,0,0,0,0,0,0,0,0,0,0,0,0,0,0,0,0,0,0,0,0,0,0,0,60064,1993,0,0,0,0,0,8961,0,0,0,0,0,0,0,0,0,0,0,0,0,0,0,0,0,0,0,0,0,0,0,0,48793,63395,113994,41830,0,0,0,0,0,0,0,0,0,0,0,0,0,0,0,0,0,0,0,0,0,0,0,0,0,0,0,0,0,0,0,0,0,0,0,0,0,0,0,0,0,0,603,894,11516,0,161,0,0,100,0,0,226,937,680,0,0,7268,0,4,0,0,33415,0,64,0,18902,0,0,0,0,191,0,899,0,1558,557,2884,0,1975,0,122708,5126,0,"d__Eukaryota; p__Chordata; c__Amphibia; o__Anura; f__Ranidae; g__Rana; s__Rana_temporaria"
"Lissotriton_helveticus",0,540,0,0,0,0,0,0,0,0,0,0,0,0,0,0,0,0,0,0,0,0,0,0,0,0,0,0,0,0,0,0,0,77,0,0,0,0,0,0,0,0,0,0,0,0,0,0,0,0,0,0,0,0,0,0,0,0,0,0,0,0,0,0,0,0,0,0,0,0,0,0,0,0,0,0,0,0,132,0,0,0,0,0,0,0,0,0,0,0,0,0,0,0,0,1307,0,0,0,0,0,0,0,0,9211,0,0,0,0,0,0,0,0,0,0,0,0,0,0,0,0,0,0,0,0,1598,0,0,0,0,0,0,0,0,0,0,0,0,0,0,0,0,0,0,617,0,0,0,0,0,0,0,385,0,0,0,0,0,0,0,0,0,0,0,0,0,0,0,0,0,0,0,0,0,0,0,0,0,579,0,0,0,0,0,0,0,8274,8289,0,0,47,0,0,280,0,0,0,0,0,0,0,0,0,0,0,0,0,0,0,374,0,0,0,0,47225,0,0,2691,398,66133,4,88518,777,45335,"d__Eukaryota; p__Chordata; c__Amphibia; o__Caudata; f__Salamandridae; g__Lissotriton; s__Lissotriton_helveticus"
"Accipiter_gentilis",0,0,0,0,0,0,0,0,0,0,0,0,0,0,0,0,0,0,0,0,0,0,0,0,0,0,0,0,0,0,0,0,0,0,0,0,0,0,0,0,0,0,0,0,0,0,0,0,0,0,0,0,0,0,0,0,0,0,0,0,0,0,0,0,0,0,0,0,0,0,0,0,0,0,0,0,0,0,0,0,0,0,0,0,0,0,0,0,0,623,0,0,0,0,0,0,0,0,0,0,0,0,0,0,0,0,0,0,0,0,0,0,0,0,0,0,0,0,0,0,0,0,0,0,0,0,0,0,0,0,0,0,0,0,0,0,0,0,0,0,0,0,0,0,0,0,0,0,0,0,0,0,0,0,0,0,0,0,0,0,0,0,0,0,0,0,0,0,0,0,0,0,0,0,0,0,0,0,0,0,0,0,0,0,0,0,0,0,0,0,0,0,0,0,0,0,0,0,0,0,0,0,0,0,0,0,0,0,0,0,0,0,0,0,0,0,0,0,0,0,0,0,0,0,"d__Eukaryota; p__Chordata; c__Aves; o__Accipitriformes; f__Accipitridae; g__Accipiter; s__Accipiter_gentilis"
"Accipiter_nisus",0,0,0,0,0,0,0,0,0,0,0,0,0,0,0,0,0,0,0,0,0,0,0,0,0,0,0,0,0,0,0,0,0,0,0,0,0,0,0,0,0,0,0,0,0,0,0,0,0,0,0,0,0,0,0,0,0,0,0,0,0,0,0,0,0,0,0,0,0,0,0,0,0,0,0,0,0,0,0,0,0,0,0,0,0,0,0,0,0,0,0,0,0,0,0,0,0,0,0,0,0,0,0,0,0,0,0,0,0,0,0,0,0,0,0,0,0,0,0,0,0,0,0,0,0,0,0,0,0,0,0,0,0,0,0,0,0,0,0,0,0,0,0,0,0,0,0,0,0,0,0,0,0,0,0,0,0,0,0,0,0,0,0,0,0,0,0,0,0,0,0,0,0,0,0,0,0,0,0,0,0,0,0,0,0,0,0,0,0,0,0,0,0,0,0,0,0,152,0,0,0,0,0,0,0,0,0,0,0,0,0,0,0,0,0,0,0,0,0,0,0,0,0,0,"d__Eukaryota; p__Chordata; c__Aves; o__Accipitriformes; f__Accipitridae; g__Accipiter; s__Accipiter_nisus"
"Buteo_buteo",0,0,0,0,0,0,0,0,0,0,0,0,5257,12492,0,0,0,0,0,0,0,0,0,0,0,0,0,0,0,0,0,0,0,0,0,0,0,0,0,0,0,0,0,0,0,0,0,0,0,0,0,0,0,0,0,0,0,0,0,0,0,0,0,0,0,0,0,0,0,0,0,0,0,0,0,0,0,0,0,0,0,0,0,0,0,0,0,0,0,0,0,0,0,0,0,0,0,0,0,0,0,0,0,0,0,0,0,0,0,0,0,0,0,0,0,0,0,0,0,0,0,0,0,0,0,0,0,0,0,0,0,0,0,0,0,0,0,0,0,0,0,0,0,0,753,0,0,0,0,0,0,0,0,0,0,0,0,0,0,0,0,0,0,0,0,0,0,0,0,0,0,0,0,17332,0,0,0,0,0,0,0,0,0,0,0,0,0,0,0,0,0,0,0,0,0,0,0,0,0,0,0,0,0,0,3,0,0,0,0,0,0,0,0,0,0,0,0,0,0,0,0,0,0,0,"d__Eukaryota; p__Chordata; c__Aves; o__Accipitriformes; f__Accipitridae; g__Buteo; s__Buteo_buteo"
"Anas_carolinensis",0,0,0,0,0,0,0,0,0,0,0,0,0,0,0,0,0,0,0,0,0,0,0,0,0,0,0,0,0,0,0,0,0,0,0,0,0,0,0,0,0,0,0,0,0,0,0,0,0,0,0,0,0,6,0,0,0,0,0,0,0,0,0,0,0,0,0,0,0,0,0,0,0,0,0,0,0,0,7,0,0,0,0,0,0,0,0,0,0,0,0,0,0,0,0,0,0,0,0,0,0,0,0,0,0,0,0,0,0,0,0,0,0,0,0,3,0,0,0,0,0,0,0,0,0,0,0,0,0,0,0,0,0,0,0,0,0,0,0,0,0,0,0,0,0,0,0,0,0,0,0,0,0,0,0,0,0,0,0,0,0,0,0,0,0,0,0,0,0,0,13,0,0,0,0,0,0,0,0,0,6,0,0,0,0,0,0,0,0,0,0,0,0,0,0,0,0,0,0,0,0,0,0,0,0,0,0,0,0,0,0,0,0,0,0,0,0,0,0,0,0,0,0,19,"d__Eukaryota; p__Chordata; c__Aves; o__Anseriformes; f__Anatidae; g__Anas; s__Anas_carolinensis"
"Haematopus_ostralegus",0,0,0,0,0,0,0,0,0,0,0,0,0,0,0,0,0,0,0,0,0,0,0,0,0,0,0,0,0,0,0,0,0,0,0,0,0,0,0,0,0,0,0,0,0,0,0,0,0,0,0,0,0,0,0,0,0,0,0,0,0,0,0,0,0,0,0,0,0,0,0,0,0,0,0,0,0,0,0,0,0,0,0,0,0,0,0,0,0,0,0,0,0,0,0,0,0,0,0,0,0,0,0,0,0,0,0,0,0,0,0,0,0,0,0,0,0,0,0,0,0,0,0,0,0,0,0,0,0,0,0,0,0,0,0,0,0,0,0,0,0,0,0,0,0,0,0,0,0,0,0,0,0,0,0,0,0,0,0,0,0,0,0,0,4,0,0,0,0,0,0,0,0,0,0,0,0,0,0,0,0,0,0,0,0,0,0,0,0,0,0,0,0,0,0,0,0,0,0,0,0,0,0,0,0,0,0,0,0,0,0,0,0,0,0,0,0,0,0,0,0,0,0,0,"d__Eukaryota; p__Chordata; c__Aves; o__Charadriiformes; f__Haematopodidae; g__Haematopus; s__Haematopus_ostralegus"
"Scolopax_rusticola",0,0,0,0,0,0,0,0,0,0,0,0,0,0,0,0,0,0,0,0,0,0,0,0,0,0,0,0,0,0,0,0,0,0,0,0,0,0,0,0,0,0,0,0,0,0,0,0,0,0,0,0,0,0,0,0,0,0,0,0,0,0,0,0,0,0,0,0,0,0,0,0,0,0,0,0,0,0,0,0,0,0,0,0,0,0,0,0,0,0,0,0,0,0,0,0,0,0,0,0,0,0,0,0,0,0,0,0,0,0,0,0,0,0,0,0,0,0,0,0,0,0,0,0,0,0,0,0,0,0,0,0,0,0,0,0,0,0,0,0,0,0,0,0,0,0,0,0,0,0,0,0,0,0,0,0,0,0,0,0,0,0,0,0,0,0,0,0,0,0,0,0,0,3,0,0,0,0,0,0,0,0,0,0,170194,0,0,0,0,0,0,0,0,0,0,0,0,763,118,0,0,0,0,0,4,21948,0,0,0,0,0,0,0,0,0,0,0,0,0,0,0,0,0,0,"d__Eukaryota; p__Chordata; c__Aves; o__Charadriiformes; f__Scolopacidae; g__Scolopax; s__Scolopax_rusticola"
"Tringa_ochropus",0,0,0,0,0,0,0,0,0,0,0,0,0,0,0,0,0,0,0,0,0,0,0,0,0,0,0,0,0,0,0,0,0,0,0,0,0,0,0,0,0,0,0,0,0,0,0,0,0,0,0,0,0,0,0,0,0,0,0,0,0,0,0,0,0,0,0,0,0,0,0,0,0,0,0,0,0,0,0,0,0,0,0,0,0,0,0,0,0,0,0,0,0,0,0,0,0,0,0,0,0,0,0,0,0,0,0,0,0,0,0,0,0,0,0,0,0,0,0,0,0,0,0,0,0,0,0,0,0,0,0,0,0,0,0,0,0,0,0,0,0,0,0,0,0,0,0,0,0,0,0,0,0,0,0,0,0,0,0,0,0,0,0,0,0,0,0,0,0,0,0,0,0,3,3,0,0,0,0,0,0,0,0,0,0,0,0,0,0,0,0,0,0,0,0,0,0,0,0,0,0,0,0,0,0,0,0,0,0,0,0,0,0,0,0,0,0,0,0,0,0,0,0,0,"d__Eukaryota; p__Chordata; c__Aves; o__Charadriiformes; f__Scolopacidae; g__Tringa; s__Tringa_ochropus"
"Columba_livia",0,0,0,0,0,0,0,0,0,0,0,0,0,0,0,0,0,0,0,0,0,0,0,0,0,0,0,0,0,0,0,0,0,0,0,0,0,0,0,0,0,0,0,0,0,0,0,0,0,0,0,0,0,0,0,0,0,0,0,0,0,0,0,0,0,0,0,0,0,0,0,0,0,0,0,0,0,0,0,0,0,0,0,0,0,0,0,0,0,0,0,0,0,0,0,0,0,0,0,0,0,0,0,0,0,0,0,0,0,0,0,0,0,0,0,0,0,0,0,0,0,0,0,0,0,0,0,0,0,0,0,0,0,0,0,0,0,0,0,0,0,0,0,0,0,0,0,0,0,0,0,0,0,0,0,0,0,0,0,0,0,0,0,0,0,444,0,0,0,0,520,0,0,0,0,1500,0,2908,0,0,0,0,0,0,0,276,0,0,0,0,0,0,0,0,0,0,0,0,0,0,0,0,0,0,13,0,0,0,0,0,0,0,0,0,0,0,0,0,0,0,0,0,0,0,"d__Eukaryota; p__Chordata; c__Aves; o__Columbiformes; f__Columbidae; g__Columba; s__Columba_livia"
"Columba_oenas",0,0,0,0,0,0,0,0,0,0,0,0,0,0,0,0,0,0,0,0,0,0,0,0,0,0,0,0,0,0,0,0,0,0,0,0,0,0,0,0,0,0,0,0,0,0,0,0,0,0,0,0,0,0,0,0,0,0,0,0,0,0,0,0,0,0,0,0,0,0,0,0,0,0,0,0,0,0,0,0,0,0,0,0,0,0,0,0,0,0,0,0,0,0,0,0,0,0,0,0,0,0,0,0,0,0,0,0,0,0,0,0,0,0,0,0,0,0,0,0,0,0,0,0,0,0,0,0,0,0,0,0,0,0,0,0,0,0,0,0,0,0,0,0,0,0,6,0,0,0,0,0,3,0,0,0,0,0,0,0,0,0,0,0,0,4,0,0,0,0,0,0,0,0,0,0,0,0,0,0,0,0,0,0,0,0,0,0,0,0,0,0,0,0,0,0,0,0,0,0,0,0,0,0,0,0,0,0,0,0,0,0,0,0,0,0,0,0,0,0,0,0,0,0,"d__Eukaryota; p__Chordata; c__Aves; o__Columbiformes; f__Columbidae; g__Columba; s__Columba_oenas"
"Lagopus_muta",0,0,0,0,0,0,0,0,0,0,0,0,0,0,0,0,0,0,0,0,0,0,0,0,0,0,0,0,0,0,0,0,0,0,0,0,0,0,0,0,0,0,0,0,0,0,0,0,0,0,0,0,0,0,0,0,0,0,0,0,0,0,0,0,0,0,0,0,0,0,0,0,0,0,0,0,0,0,0,0,0,0,0,0,0,0,0,0,0,0,0,0,0,0,0,0,0,0,0,0,0,0,0,0,0,0,0,0,0,0,0,0,0,0,0,0,0,0,0,0,0,0,0,0,0,0,0,0,0,0,0,0,0,0,0,0,0,0,0,0,0,0,0,0,0,0,0,0,0,0,0,0,0,0,0,0,0,0,0,0,0,0,0,0,0,0,0,0,0,0,0,0,0,0,0,0,0,0,0,0,0,0,0,0,0,0,0,0,0,59,0,0,0,0,0,0,0,0,0,0,0,0,0,0,0,0,0,0,0,0,0,0,0,0,0,0,0,0,0,0,0,0,0,0,"d__Eukaryota; p__Chordata; c__Aves; o__Galliformes; f__Phasianidae; g__Lagopus; s__Lagopus_muta"
"Phasianus_colchicus",0,0,0,0,0,0,0,0,0,0,0,0,0,0,0,0,0,0,0,0,0,0,0,0,0,0,0,0,0,0,0,0,0,0,0,0,0,0,0,0,0,0,0,0,0,0,0,0,0,0,0,0,0,0,0,0,0,0,0,0,0,0,0,0,0,0,0,0,0,0,0,0,0,0,0,0,0,0,0,0,0,0,0,0,0,0,0,0,0,0,0,0,0,0,0,0,0,0,0,0,0,0,0,0,0,0,0,0,0,0,0,0,0,0,0,0,0,0,0,0,0,0,0,0,0,0,0,0,0,0,0,0,0,0,0,0,0,0,0,0,0,0,0,0,0,0,0,0,0,0,177,88,0,0,248,0,0,0,0,0,0,0,0,0,0,0,0,0,0,0,0,0,0,0,0,0,0,0,0,0,0,0,0,0,25,0,0,0,0,0,0,0,3,0,0,0,0,5722,0,0,0,0,0,0,89,0,0,0,0,0,0,0,0,0,0,0,0,0,0,0,0,0,0,0,"d__Eukaryota; p__Chordata; c__Aves; o__Galliformes; f__Phasianidae; g__Phasianus; s__Phasianus_colchicus"
"Gallinula_chloropus",0,0,0,0,0,0,0,0,0,0,0,0,0,0,0,3,0,3,8,3,27,0,0,0,0,0,0,0,0,0,0,0,0,0,0,0,0,0,0,0,0,0,0,0,0,0,0,0,5,0,0,0,0,0,0,0,0,0,0,0,0,0,0,0,0,0,0,0,3,0,0,0,0,0,0,5,3,0,0,0,0,0,0,0,0,0,3,0,172,0,0,14,0,0,0,0,0,0,0,0,0,0,0,0,0,0,0,0,0,7,0,0,0,0,0,0,0,0,0,0,4,0,0,0,8,0,0,0,0,0,0,0,0,0,0,0,5,0,0,0,0,0,0,0,0,0,0,0,0,0,0,0,0,0,0,0,0,0,0,0,0,3,6,8,0,3,0,0,0,0,0,0,0,3,5,0,0,0,0,0,0,0,0,0,0,0,0,0,0,0,7,3,0,47,3,0,0,0,0,0,0,0,0,0,0,0,3,0,4,16,0,0,0,0,0,8,38,0,0,0,0,7,0,26,"d__Eukaryota; p__Chordata; c__Aves; o__Gruiformes; f__Rallidae; g__Gallinula; s__Gallinula_chloropus"
"Aegithalos_caudatus",0,0,0,0,0,0,0,0,0,0,0,0,139,57,0,0,0,0,0,0,0,0,0,0,0,0,0,0,0,0,0,0,0,0,0,0,0,0,0,0,0,0,0,0,0,0,0,0,0,0,0,0,0,0,0,0,0,0,0,0,0,0,0,0,0,0,0,0,0,0,0,0,0,0,0,0,0,0,0,0,0,0,0,0,0,0,0,0,0,0,0,0,0,0,0,0,0,0,0,0,0,0,0,0,0,0,0,0,0,0,0,0,0,0,0,0,0,0,0,0,0,0,0,0,0,0,0,0,0,0,0,0,0,0,0,0,0,0,0,0,0,0,0,0,0,0,0,0,0,0,0,254,0,0,0,0,0,0,0,83849,0,0,0,0,0,0,0,174,0,0,0,0,0,0,0,0,0,0,0,0,0,0,0,0,29,836,0,0,0,0,0,0,0,0,0,0,0,24,0,0,0,0,19426,466,0,0,0,0,0,0,0,0,0,0,0,0,0,0,0,0,0,0,0,0,"d__Eukaryota; p__Chordata; c__Aves; o__Passeriformes; f__Aegithalidae; g__Aegithalos; s__Aegithalos_caudatus"
"Troglodytes_troglodytes",0,0,0,0,0,0,0,0,0,0,0,0,0,0,0,0,0,0,0,0,0,0,0,0,0,0,0,0,0,0,0,0,0,0,0,0,0,0,0,0,0,0,0,0,0,0,0,0,0,0,0,0,0,0,0,0,0,0,0,0,0,0,0,0,0,0,0,0,0,0,0,0,0,0,0,0,0,0,0,0,0,0,0,0,0,0,0,0,0,0,0,0,0,0,0,0,0,0,0,0,0,0,0,0,0,0,0,0,0,0,0,0,0,0,0,0,0,0,0,0,0,0,0,0,0,1447,0,0,0,0,0,0,0,0,0,0,0,0,0,0,0,0,0,0,0,0,0,0,0,887,444,82,191,0,0,0,0,0,0,0,0,0,0,0,0,0,0,0,0,0,0,0,0,0,0,0,0,0,0,0,0,0,0,0,77,1663,0,0,0,0,0,0,230,4037,10374,45156,45804,112628,0,38,0,0,0,531,0,0,0,0,0,0,0,0,5,0,0,0,517,0,0,0,4,0,0,0,"d__Eukaryota; p__Chordata; c__Aves; o__Passeriformes; f__Certhiidae; g__Troglodytes; s__Troglodytes_troglodytes"
"Cinclus_cinclus",0,0,0,0,0,0,0,0,0,0,0,0,0,0,0,0,0,0,0,0,0,0,0,0,0,0,0,0,0,0,0,0,0,0,0,0,0,0,0,0,0,0,0,0,0,0,0,0,0,0,0,0,0,0,0,0,0,0,0,0,0,0,0,0,0,0,0,0,0,0,0,0,0,0,0,0,0,0,0,0,0,0,0,0,0,0,0,0,0,0,0,0,0,0,0,0,0,0,0,0,0,0,0,0,0,0,0,0,0,0,0,0,0,0,0,0,0,0,0,0,0,0,0,0,0,0,0,0,0,0,0,0,0,0,0,0,0,0,0,0,0,0,0,0,0,0,0,0,0,0,0,0,0,0,0,0,0,0,0,0,0,0,0,0,0,0,0,0,0,0,0,0,0,0,0,0,0,0,0,0,0,0,0,0,0,0,0,0,0,79,0,0,0,0,0,0,0,0,0,0,0,0,0,0,0,0,0,0,0,0,0,0,0,0,0,0,0,0,0,0,0,0,0,0,"d__Eukaryota; p__Chordata; c__Aves; o__Passeriformes; f__Cinclidae; g__Cinclus; s__Cinclus_cinclus"
"Garrulus_glandarius",0,0,0,0,0,0,0,0,0,0,0,0,0,0,0,0,0,0,0,0,0,0,0,0,0,0,0,0,0,0,0,0,0,0,0,0,0,0,0,0,0,0,0,0,0,0,0,0,0,0,0,0,0,0,0,0,0,0,0,0,0,0,0,0,0,0,0,0,0,0,0,0,0,0,0,0,0,0,0,0,0,0,0,0,0,0,0,0,0,0,0,0,0,0,0,0,0,0,0,0,0,0,0,0,0,0,0,0,0,0,0,0,0,0,0,0,0,0,0,0,0,0,0,0,0,0,0,0,0,0,0,0,0,0,0,0,0,0,0,0,0,0,0,0,0,0,0,0,0,0,0,0,0,0,0,0,0,0,0,0,0,0,0,0,0,0,0,0,0,0,0,0,0,0,0,0,0,0,0,0,0,0,0,0,0,1075,0,0,0,0,0,0,0,0,0,0,0,7534,0,3,0,0,0,5744,0,0,0,0,0,0,0,0,0,0,0,0,0,0,0,0,0,0,0,0,"d__Eukaryota; p__Chordata; c__Aves; o__Passeriformes; f__Corvidae; g__Garrulus; s__Garrulus_glandarius"
"Plectrophenax_nivalis",0,0,0,0,0,0,0,0,0,0,0,0,0,0,0,0,0,0,0,0,0,0,0,0,0,0,0,0,0,0,0,0,0,0,0,0,0,0,0,0,0,0,0,0,0,0,0,0,0,0,0,0,0,0,0,0,0,0,0,0,0,0,0,0,0,0,0,0,0,0,0,0,417,0,0,0,0,0,0,0,0,0,0,0,0,0,0,0,0,0,0,0,0,0,0,0,0,0,0,0,0,0,0,0,0,0,0,0,0,0,0,0,0,0,0,0,0,0,0,0,0,0,0,0,0,0,0,0,0,0,0,0,0,0,0,0,0,0,0,0,0,0,0,0,0,0,0,0,0,0,0,0,0,0,0,0,0,0,0,0,0,0,0,0,0,0,0,0,0,0,0,7160,0,0,0,0,0,0,0,0,0,0,0,0,0,0,0,0,0,0,0,0,0,0,0,0,0,1079,245,0,0,0,0,892,0,0,0,0,0,0,0,0,0,0,0,0,0,0,0,0,0,0,0,2637,"d__Eukaryota; p__Chordata; c__Aves; o__Passeriformes; f__Fringillidae; g__Plectrophenax; s__Plectrophenax_nivalis"
"Parus_major",0,0,0,0,0,0,0,0,0,0,0,0,0,0,0,0,0,0,0,0,0,0,0,0,0,0,0,0,0,0,0,0,0,0,0,0,0,0,0,0,0,0,0,0,0,0,0,0,0,0,0,0,0,0,0,0,0,0,0,0,0,0,0,0,0,0,0,0,0,0,0,0,0,0,0,0,0,0,0,0,0,0,0,0,0,0,0,0,0,0,0,0,0,0,0,0,0,0,0,0,0,0,0,0,0,0,0,0,0,0,0,0,0,0,0,0,0,0,0,0,0,0,0,0,0,0,0,0,0,0,0,0,0,0,0,0,0,0,0,0,0,0,0,0,0,0,0,0,0,0,0,0,0,0,0,0,0,0,0,0,0,0,0,0,0,0,0,0,0,0,0,0,0,0,0,0,0,0,0,0,0,0,28,0,793,0,0,0,0,0,0,0,0,0,0,0,0,0,0,0,0,0,0,0,0,0,0,0,0,0,0,0,0,0,0,0,0,0,0,0,0,0,0,3177,"d__Eukaryota; p__Chordata; c__Aves; o__Passeriformes; f__Paridae; g__Parus; s__Parus_major"
"Prunella_modularis",0,0,0,0,0,0,0,0,0,0,0,0,0,0,0,0,0,0,0,0,0,0,0,0,0,0,0,0,0,0,0,0,0,0,0,0,0,0,0,0,0,0,0,0,0,0,0,0,0,0,0,0,0,0,0,0,0,0,0,0,0,0,0,0,0,0,0,0,0,0,0,0,0,0,0,0,0,0,0,0,0,0,0,0,0,0,0,0,0,0,0,0,0,0,0,0,0,0,0,0,0,0,0,0,0,0,0,0,0,0,0,0,0,0,0,0,0,0,0,0,0,0,0,0,0,0,0,0,0,0,0,0,0,0,0,0,0,0,0,0,0,0,0,0,0,0,0,0,0,0,0,0,0,0,1046,0,0,0,0,0,0,0,0,0,0,0,0,0,0,0,0,0,0,0,0,0,0,0,0,0,0,0,0,0,0,0,0,0,0,0,0,0,0,0,0,0,0,0,0,0,0,0,0,0,0,0,0,0,0,0,0,1022,91,0,0,0,0,0,0,0,0,0,0,0,"d__Eukaryota; p__Chordata; c__Aves; o__Passeriformes; f__Prunellidae; g__Prunella; s__Prunella_modularis"
"Erithacus_rubecula",0,0,0,0,0,0,0,0,0,0,0,0,0,0,0,0,0,0,0,0,0,0,0,0,0,0,0,0,0,0,0,0,0,0,0,0,0,0,0,0,0,0,0,0,0,0,0,0,0,0,0,0,0,0,0,0,0,0,0,0,0,0,0,0,0,0,0,0,0,0,0,0,0,0,0,0,0,0,0,0,0,0,0,0,0,0,0,0,0,0,0,0,0,0,0,0,0,0,0,0,0,0,0,0,0,0,0,0,0,0,0,0,0,0,0,0,0,0,0,0,0,0,0,0,0,0,0,0,0,0,0,0,0,0,0,0,0,0,0,0,0,0,0,0,0,0,0,939,0,0,0,103,0,0,0,0,0,0,0,0,0,0,0,0,0,0,0,0,0,0,0,0,0,3234,0,0,24728,11,0,0,0,0,0,0,27,0,0,0,0,0,0,0,0,0,0,0,0,147,0,0,0,0,563,27117,0,1064,775,0,0,0,0,0,0,0,0,0,0,0,0,0,0,0,0,443,"d__Eukaryota; p__Chordata; c__Aves; o__Passeriformes; f__Turdidae; g__Erithacus; s__Erithacus_rubecula"
"Turdus_philomelos",0,0,0,0,0,0,0,0,0,0,0,0,0,0,0,0,0,0,0,0,0,0,0,0,0,0,0,0,0,0,0,0,0,0,0,0,0,0,0,0,0,0,0,0,0,0,0,0,0,0,0,0,0,0,0,0,0,0,0,0,0,0,0,0,0,0,362,0,0,0,0,0,0,0,0,0,0,0,0,0,0,0,0,0,0,0,0,0,0,0,0,279,0,0,0,0,0,0,0,0,0,0,0,0,0,0,0,0,0,0,0,0,0,0,0,0,0,0,0,0,0,0,0,0,0,0,0,0,0,0,0,0,0,0,0,0,0,0,0,0,0,0,0,0,0,0,364,0,0,0,15539,0,0,0,9793,0,0,0,0,0,0,0,0,0,0,0,0,1363,0,0,0,0,0,0,0,181,0,0,0,0,0,0,0,0,76,0,0,0,0,0,0,0,140048,26150,7620,267,362,11418,0,0,0,0,0,162,0,0,5782,0,0,0,0,0,0,1009,0,0,0,0,0,0,0,0,0,0,"d__Eukaryota; p__Chordata; c__Aves; o__Passeriformes; f__Turdidae; g__Turdus; s__Turdus_philomelos"
"Dendrocopos_major",0,0,0,0,0,0,0,0,0,0,0,0,0,0,0,0,0,0,0,0,0,0,0,0,0,0,0,0,0,0,0,0,0,0,0,0,0,0,0,0,0,0,0,0,0,0,0,0,0,0,0,0,0,0,0,0,0,0,0,0,0,0,0,0,0,0,0,0,0,0,0,0,0,0,0,0,0,0,0,0,0,0,0,0,0,0,0,0,0,0,0,0,0,0,0,0,0,0,0,0,0,0,0,0,0,0,0,0,0,0,0,0,0,0,0,0,0,0,0,0,0,0,0,0,0,0,0,0,0,0,0,0,0,0,0,0,0,0,0,0,0,0,0,0,0,0,0,0,0,0,0,0,0,0,2873,0,0,0,0,0,0,0,0,0,0,0,0,0,0,0,0,0,0,0,0,0,0,0,0,0,0,0,0,0,0,0,0,0,0,0,0,0,0,0,0,0,0,0,0,0,0,0,0,0,0,0,0,0,0,0,0,0,0,0,0,0,0,0,0,0,0,0,0,0,"d__Eukaryota; p__Chordata; c__Aves; o__Piciformes; f__Picidae; g__Dendrocopos; s__Dendrocopos_major"
"Phalacrocorax_carbo",0,0,0,0,0,0,0,0,0,0,0,0,0,0,0,0,0,0,0,0,0,0,0,0,0,0,0,0,0,0,0,0,0,0,0,0,0,0,0,0,0,0,0,0,0,0,0,0,0,0,0,0,0,0,0,0,0,0,0,0,0,0,0,0,0,0,0,0,0,0,0,0,0,0,0,0,0,0,0,4,0,0,0,0,0,0,0,0,0,0,0,0,0,0,0,0,0,0,0,0,0,0,0,0,0,0,0,0,0,0,0,0,0,0,0,0,0,0,0,0,0,0,0,0,0,0,0,0,0,0,0,0,0,0,0,0,0,0,0,0,0,0,0,0,0,0,0,0,0,0,0,0,0,0,0,0,0,0,0,0,0,0,0,0,0,0,0,0,0,0,0,0,0,0,0,0,0,0,0,0,0,0,0,0,0,0,0,0,0,0,0,0,0,0,0,0,0,0,0,0,0,0,0,0,0,0,0,0,0,0,0,0,0,0,0,0,0,0,0,0,0,0,0,0,"d__Eukaryota; p__Chordata; c__Aves; o__Suliformes; f__Phalacrocoracidae; g__Phalacrocorax; s__Phalacrocorax_carbo"
"Zootoca_vivipara",0,0,0,0,0,0,0,0,0,0,0,0,83,43,0,0,0,0,0,0,0,0,0,0,0,0,0,0,0,0,0,0,0,0,0,0,0,0,0,0,0,0,0,0,0,0,0,0,0,0,0,0,0,0,0,0,0,0,0,0,0,0,0,0,0,0,0,0,0,0,0,0,0,0,0,0,0,0,0,0,0,0,0,0,0,0,0,0,0,0,0,0,0,0,0,0,0,0,0,0,0,0,0,0,0,0,0,0,0,0,0,0,0,0,0,0,0,0,0,0,0,0,0,0,0,0,0,0,0,0,0,0,0,0,0,0,0,0,0,0,0,0,0,0,0,0,0,0,0,0,0,0,0,0,0,0,0,0,0,0,0,0,0,0,0,0,0,0,0,0,0,0,0,0,0,0,0,0,0,0,0,0,0,0,0,0,0,0,0,0,0,0,0,0,0,0,0,0,0,0,0,0,0,0,0,0,0,0,0,0,0,0,0,0,0,0,0,0,0,0,0,0,0,0,"d__Eukaryota; p__Chordata; c__Lepidosauria; o__Squamata; f__Lacertidae; g__Zootoca; s__Zootoca_vivipara"
"Bos_taurus",0,0,0,0,0,0,0,0,0,0,0,0,0,0,0,0,0,0,0,0,0,0,0,0,0,0,0,0,0,0,0,0,0,0,0,0,0,0,0,0,0,0,0,0,0,0,0,0,0,0,0,0,0,0,0,0,0,0,0,0,0,0,0,0,0,0,0,0,0,0,0,0,0,0,0,0,0,0,0,0,0,0,0,0,0,0,0,0,701,0,0,0,0,0,0,0,0,0,0,0,0,0,0,0,0,0,0,0,0,0,0,0,0,0,0,0,0,0,0,0,0,0,0,0,0,0,0,0,0,0,0,0,0,0,0,0,0,0,0,0,0,0,0,0,0,3,0,319,0,0,0,111,104,0,0,230,0,0,0,346,0,0,0,0,511,0,0,0,0,37,0,0,85,0,0,0,0,659,0,0,0,0,0,0,0,0,0,0,0,0,0,0,0,0,0,0,0,0,0,0,0,0,0,0,0,0,0,0,0,0,0,0,0,0,0,0,4,0,0,0,0,0,0,0,"d__Eukaryota; p__Chordata; c__Mammalia; o__Artiodactyla; f__Bovidae; g__Bos; s__Bos_taurus"
"Ovis_aries",0,0,0,0,0,0,0,23,0,0,0,0,0,0,0,0,0,0,0,0,0,0,0,0,0,0,0,0,0,0,0,0,0,0,0,0,0,0,0,0,0,0,0,0,0,0,0,0,0,0,0,0,0,0,0,0,0,0,0,3298,0,0,0,0,0,0,0,0,0,0,0,0,0,0,0,0,3,21,0,0,0,0,0,0,0,0,0,0,0,0,0,0,0,0,0,0,0,0,0,0,0,0,0,0,0,0,0,0,0,0,0,0,0,0,0,0,0,0,0,0,0,0,0,0,0,0,0,0,0,0,0,0,0,0,0,0,0,0,0,0,0,0,0,0,0,0,0,20,589,0,236,68,0,0,243,322,0,6,496,158,0,0,0,0,280,0,176,0,0,498,442,1164,0,137,0,0,4464,0,0,0,0,0,0,0,0,0,0,0,0,0,39,0,0,0,0,180,0,0,0,0,0,0,0,0,0,0,392,0,0,0,0,0,0,202,0,0,0,0,0,0,0,0,0,0,"d__Eukaryota; p__Chordata; c__Mammalia; o__Artiodactyla; f__Bovidae; g__Ovis; s__Ovis_aries"
"Capreolus_capreolus",0,0,0,0,0,0,0,0,0,0,0,0,0,0,0,0,0,0,0,0,0,0,0,0,0,0,0,0,0,0,0,0,0,0,0,0,0,0,0,0,0,0,0,0,0,0,0,0,0,0,0,0,0,0,0,0,0,0,0,0,0,0,0,0,0,0,0,0,0,0,0,0,0,0,0,0,0,0,0,0,0,0,0,0,0,0,0,0,0,0,0,0,0,0,0,0,0,0,0,0,0,0,0,0,0,0,0,0,0,0,0,0,0,0,0,0,0,0,0,0,0,0,0,0,0,0,0,0,0,0,0,0,0,0,0,0,0,0,0,0,0,0,0,0,0,0,0,0,0,0,0,0,0,0,0,0,0,0,0,0,0,0,0,0,0,0,0,0,0,0,0,0,0,0,0,0,0,0,0,0,0,0,0,0,0,0,0,0,0,0,0,0,0,0,0,0,73,0,0,0,0,0,321,0,0,0,0,0,0,0,0,0,0,0,0,0,0,0,0,0,0,0,0,0,"d__Eukaryota; p__Chordata; c__Mammalia; o__Artiodactyla; f__Cervidae; g__Capreolus; s__Capreolus_capreolus"
"Cervus_elaphus",0,0,0,0,0,1444,0,0,0,0,0,0,65,0,0,0,0,93171,0,3,0,0,0,0,0,0,0,0,0,0,0,0,0,0,0,3,0,0,99,0,0,0,0,0,0,0,0,64,0,0,0,1827,0,0,0,0,0,0,0,0,0,0,0,0,0,0,0,0,0,0,0,0,0,0,0,0,670860,620435,0,0,5,0,0,0,0,0,0,0,0,0,0,0,0,0,0,0,0,0,0,0,0,0,0,0,0,0,0,0,0,0,0,0,0,0,0,0,0,0,0,0,0,0,0,0,0,0,0,0,0,0,0,0,0,0,0,0,0,0,0,0,0,0,0,0,0,0,0,253,0,0,480,70190,0,2455,0,0,0,0,0,1504,0,0,0,0,0,0,0,0,769,0,0,0,0,0,0,0,800,0,0,0,0,0,0,0,0,0,0,0,391,700,626,1226,0,0,0,0,0,0,459,0,0,0,62,0,236,0,18660,0,0,0,0,0,0,0,0,0,0,0,0,0,0,0,0,0,"d__Eukaryota; p__Chordata; c__Mammalia; o__Artiodactyla; f__Cervidae; g__Cervus; s__Cervus_elaphus"
"Cervus_nippon",0,0,0,0,0,0,0,0,0,0,0,0,62,984,0,0,203793,43598,0,5,0,0,0,0,0,0,0,0,0,0,0,0,164,0,0,19,0,0,0,0,0,0,0,0,371,702,0,127,0,0,3291,0,0,0,0,0,13414,0,0,0,306,0,0,0,0,0,2038,0,0,830,0,0,0,0,0,0,0,0,2482,1112,0,0,0,0,0,0,0,0,0,0,0,0,0,0,0,0,0,0,0,0,867,0,0,0,0,2644,5396,13522,10150,2796,6119,9207,0,0,17612,3336,0,2800,0,0,0,0,52917,7917,9681,32705,5882,0,0,0,0,0,2508,0,0,0,18085,19868,21946,2917,0,1666,0,0,11566,915,0,5842,0,11845,241,6710,0,3524,9820,948,0,256,269,3684,0,0,0,932,0,0,0,2340,0,0,358,3740,0,0,0,0,0,0,702,0,0,0,0,570,257,349,184,0,233,177,167,0,379,2707,4642,10643,6128,333,38436,0,0,0,11,911,3289,441,0,0,0,0,0,4828,13,4207,1174,7237,17513,1722,854,293,254,1012,383,1010,"d__Eukaryota; p__Chordata; c__Mammalia; o__Artiodactyla; f__Cervidae; g__Cervus; s__Cervus_nippon"
"Hydropotes_inermis",0,0,0,0,0,0,0,0,0,0,0,0,0,0,0,0,0,0,0,0,0,0,0,0,0,0,0,0,0,0,0,0,0,0,0,0,0,0,0,0,0,0,0,0,0,0,0,0,0,0,0,0,0,0,0,0,0,0,0,0,0,0,0,0,0,0,0,0,0,0,0,0,0,0,0,0,0,0,0,0,0,0,0,0,0,0,0,0,0,0,0,0,0,0,0,0,0,0,0,0,0,0,0,0,0,0,3,0,0,0,0,0,0,0,0,0,0,0,0,0,0,0,0,0,0,0,0,0,0,0,0,0,0,0,0,0,0,0,0,0,0,0,0,0,0,0,0,0,0,0,0,0,0,0,0,0,0,0,0,0,0,0,0,0,0,0,0,0,0,0,0,0,0,0,0,0,0,0,0,0,0,0,0,0,0,0,0,0,0,0,0,0,0,0,0,0,0,0,0,0,0,0,0,0,0,0,0,0,0,0,0,0,0,0,0,0,0,0,0,0,0,0,0,0,"d__Eukaryota; p__Chordata; c__Mammalia; o__Artiodactyla; f__Cervidae; g__Hydropotes; s__Hydropotes_inermis"
"Sus_scrofa",571,0,0,0,0,767,0,0,0,0,0,0,0,0,0,0,0,0,0,0,191,0,0,0,0,0,0,0,0,14,6,0,31,0,10,0,0,27,0,125,0,0,31,0,0,0,26,0,5002,0,0,0,5479,0,0,0,0,0,0,0,0,0,0,0,0,0,0,0,0,0,0,0,0,0,0,0,0,0,0,0,0,0,47,0,0,0,0,1299,0,0,0,0,0,0,0,0,0,0,11,2060,12736,0,11357,2462,0,0,0,0,0,0,101247,0,0,0,2699,0,0,0,0,0,5941,0,0,0,0,0,0,3678,0,0,0,0,4874,0,0,0,0,0,0,0,0,0,0,0,3277,1124,0,2283,1892,488,367,163,335,0,528,0,0,0,0,0,319,1724,533,0,936,323,0,0,457,0,0,0,0,0,7,0,0,4972,0,0,0,775,0,0,0,1160,0,0,0,0,0,0,0,0,0,0,249,0,214,0,0,145,0,0,0,0,0,0,0,0,0,0,0,4666,177,0,0,0,0,4,0,0,238,0,"d__Eukaryota; p__Chordata; c__Mammalia; o__Artiodactyla; f__Suidae; g__Sus; s__Sus_scrofa"
"Canis_lupus",0,0,0,0,0,0,0,0,0,0,0,0,0,0,0,0,0,0,0,0,0,0,0,41,0,0,12,0,0,0,0,0,0,0,0,0,0,0,0,0,0,0,0,0,0,0,0,0,0,0,0,0,0,0,0,0,0,0,0,0,0,23712,0,0,0,0,0,36,0,0,0,0,0,0,4,0,0,0,0,1181,0,0,0,0,0,0,0,15,0,0,37,487,539,0,0,0,0,0,0,0,0,0,0,0,0,0,0,0,0,0,0,13,0,0,0,0,0,0,0,0,0,0,0,0,0,0,0,0,0,0,0,0,0,0,0,0,0,0,0,0,0,0,0,0,0,0,0,0,0,0,66,224,0,0,0,0,0,0,0,610,0,173,19,0,0,0,0,0,0,0,812,0,0,0,0,0,0,11803,360,0,0,0,0,0,0,0,0,0,0,0,0,0,0,0,0,0,0,0,0,0,0,0,0,0,0,0,0,0,0,0,0,0,0,0,0,0,0,0,0,0,0,6,0,0,"d__Eukaryota; p__Chordata; c__Mammalia; o__Carnivora; f__Canidae; g__Canis; s__Canis_lupus"
"Lutra_lutra",0,0,0,0,0,0,0,0,0,0,0,0,0,0,0,0,0,0,0,0,0,0,0,0,0,0,0,0,0,0,0,0,0,0,0,0,0,0,0,0,0,0,0,0,0,0,0,0,0,0,0,0,0,0,0,0,0,0,0,0,0,0,0,0,0,0,0,0,0,0,0,0,0,0,0,0,0,0,0,0,0,0,0,0,0,0,0,0,0,0,0,0,0,0,0,0,0,0,0,0,0,0,0,0,0,0,0,0,0,0,0,0,0,0,0,0,0,0,0,0,0,0,0,0,0,0,0,0,0,0,0,0,0,0,0,0,0,0,0,0,0,0,0,0,0,0,0,0,0,0,10,0,0,0,0,0,0,0,0,0,0,0,0,0,0,0,0,0,0,0,0,0,0,0,0,0,0,0,0,0,0,0,0,0,0,0,0,0,0,0,0,0,0,0,0,0,0,0,0,0,0,0,0,0,0,0,0,0,0,0,0,0,0,0,0,0,0,0,0,0,0,0,0,0,"d__Eukaryota; p__Chordata; c__Mammalia; o__Carnivora; f__Mustelidae; g__Lutra; s__Lutra_lutra"
"Martes_martes",0,0,0,0,0,0,0,0,0,0,70849,57833,2441,1288,85543,95313,0,113,61464,140519,189,8,0,0,0,0,0,0,0,0,0,0,34,0,0,0,0,0,0,0,0,0,0,0,0,0,0,0,0,0,0,0,0,0,0,0,5458,0,0,0,0,0,0,0,0,0,0,0,0,0,0,0,0,0,0,0,0,0,12097,265930,0,0,0,0,0,0,0,0,0,0,0,0,0,0,0,0,0,0,0,0,0,0,0,0,0,0,0,0,0,0,0,0,0,0,0,0,0,0,0,0,0,0,0,0,0,0,0,0,0,0,0,0,0,0,0,0,0,0,0,0,0,0,0,0,0,0,0,0,0,0,13366,0,0,0,0,0,0,7,0,0,0,0,0,0,0,0,0,0,0,0,5116,0,0,0,0,0,0,0,0,0,0,0,0,0,0,0,0,0,0,0,56,0,0,0,0,0,0,0,0,0,0,0,0,0,0,0,0,0,0,0,0,0,0,0,0,0,0,0,0,0,0,0,0,0,"d__Eukaryota; p__Chordata; c__Mammalia; o__Carnivora; f__Mustelidae; g__Martes; s__Martes_martes"
"Meles_meles",0,0,0,0,0,0,0,0,0,0,0,0,0,0,0,0,0,0,0,0,0,0,0,0,0,0,0,0,0,0,0,0,0,0,0,0,0,0,0,0,0,0,0,0,0,0,0,0,0,0,0,0,0,0,0,0,0,0,0,0,0,0,0,0,0,0,0,0,0,0,0,0,0,0,0,0,0,0,37374,27100,0,0,0,0,0,0,0,0,0,0,0,0,0,0,0,0,0,0,0,0,0,0,0,0,0,0,0,0,0,0,0,0,0,0,0,0,0,0,0,0,0,0,0,0,0,0,0,0,0,0,0,0,0,0,0,0,0,0,0,0,0,0,0,0,0,0,0,0,0,0,0,0,0,0,0,0,0,0,0,0,0,0,0,637,0,0,0,0,0,0,0,0,0,0,0,0,0,0,0,0,0,0,0,0,0,0,0,0,0,0,0,0,0,0,0,0,0,0,0,0,0,0,0,0,0,0,0,0,0,0,0,0,0,0,0,0,0,0,0,0,0,0,0,0,"d__Eukaryota; p__Chordata; c__Mammalia; o__Carnivora; f__Mustelidae; g__Meles; s__Meles_meles"
"Neomys_fodiens",0,0,0,0,0,0,0,0,0,0,0,0,0,0,0,0,0,0,0,0,0,0,0,0,0,0,0,0,0,0,0,0,0,0,0,0,0,0,0,0,0,0,0,0,0,0,0,0,0,0,0,0,0,0,0,0,0,0,0,0,0,0,0,0,0,0,0,0,0,0,0,0,0,0,0,0,0,0,0,0,0,0,0,0,0,0,0,0,0,0,0,0,0,0,0,0,0,0,0,0,0,0,0,0,0,0,0,0,0,0,0,0,0,0,0,0,0,0,0,0,0,0,0,0,0,0,0,0,0,0,0,0,0,0,0,0,0,0,0,0,0,0,0,0,0,0,0,0,0,0,0,0,0,0,0,0,0,0,0,0,0,0,0,0,0,0,0,0,0,0,0,0,0,0,0,0,0,0,0,0,0,0,0,0,82,2132,0,0,0,0,0,0,0,0,0,540,0,80,717,0,0,0,0,0,0,3108,0,0,0,0,0,0,0,0,0,1125,3,0,0,0,0,0,535,1299,"d__Eukaryota; p__Chordata; c__Mammalia; o__Eulipotyphla; f__Soricidae; g__Neomys; s__Neomys_fodiens"
"Sorex_araneus",0,0,0,0,0,0,0,0,0,0,0,0,0,0,0,0,0,0,0,0,0,0,0,0,0,0,0,0,0,0,0,0,0,0,0,0,0,0,0,0,0,31,0,0,0,0,0,0,56594,0,0,0,0,0,0,0,0,0,4018,27296,0,0,0,0,0,0,0,0,0,0,0,0,0,0,4323,0,0,0,0,0,0,0,0,0,0,0,0,0,0,0,0,0,0,0,0,0,0,0,0,0,0,0,0,0,0,0,0,0,0,0,0,0,0,0,0,0,0,0,0,0,0,0,0,0,0,0,0,0,0,0,0,0,0,0,0,0,0,0,0,0,0,0,0,0,809,0,16,0,0,0,0,0,0,0,0,0,0,0,0,0,0,0,0,0,0,0,0,0,0,0,0,0,0,0,0,0,0,0,0,0,0,0,29,33155,0,0,0,0,0,0,0,0,0,1528,0,0,0,68,0,0,0,0,0,0,0,4528,0,0,0,0,0,0,0,0,0,0,329,0,0,0,0,0,511,2643,"d__Eukaryota; p__Chordata; c__Mammalia; o__Eulipotyphla; f__Soricidae; g__Sorex; s__Sorex_araneus"
"Sorex_minutus",0,0,0,0,0,0,0,0,0,0,0,0,0,0,0,0,0,0,0,0,0,0,0,0,0,0,0,0,0,0,0,0,0,0,0,0,0,0,0,0,0,0,0,0,0,0,0,0,0,0,0,0,0,0,0,0,0,0,0,0,0,0,0,0,0,0,0,0,0,0,0,0,0,0,0,0,0,0,0,0,0,0,0,0,0,0,0,0,0,0,0,0,0,0,0,0,0,0,0,0,0,0,0,0,0,0,0,0,0,0,0,0,0,0,0,0,0,0,0,0,0,0,0,0,0,0,0,0,0,0,0,0,0,0,0,0,0,0,0,0,0,0,0,0,0,0,0,0,0,0,0,169,0,0,0,0,0,1308,0,0,0,0,0,0,0,0,0,0,0,0,0,0,0,0,0,0,0,0,0,0,0,0,0,0,326,0,0,0,0,0,0,0,0,0,0,0,0,139,443,0,0,0,0,0,0,0,0,0,0,0,0,0,0,0,0,0,0,0,0,0,163,0,0,0,"d__Eukaryota; p__Chordata; c__Mammalia; o__Eulipotyphla; f__Soricidae; g__Sorex; s__Sorex_minutus"
"Talpa_europaea",0,0,0,0,0,0,0,0,0,0,0,0,0,0,0,0,0,0,0,0,0,0,0,0,0,0,0,0,0,0,0,0,0,0,0,0,0,0,0,0,0,42,0,0,0,0,0,0,0,0,0,0,0,0,0,0,0,0,0,0,0,0,0,0,0,0,0,0,0,0,0,0,0,0,0,0,0,0,0,0,0,0,0,0,0,0,0,0,0,0,0,0,0,0,0,0,0,0,0,0,0,0,0,0,0,0,0,0,0,0,0,0,0,0,0,0,0,0,0,0,0,0,0,0,0,0,0,0,0,0,0,0,0,0,0,0,0,0,0,0,0,0,0,0,0,0,0,0,0,0,0,0,0,0,0,0,0,0,0,0,0,0,0,0,0,0,0,0,0,0,0,0,0,0,0,0,0,0,0,0,0,0,0,0,0,0,0,0,0,0,0,0,0,0,0,0,0,0,0,0,0,0,0,0,0,0,0,0,0,0,0,0,0,0,0,0,0,0,0,0,0,0,0,0,"d__Eukaryota; p__Chordata; c__Mammalia; o__Eulipotyphla; f__Talpidae; g__Talpa; s__Talpa_europaea"
"Lepus_timidus",0,0,0,0,0,0,0,0,0,0,0,0,0,0,0,0,0,0,0,28,0,0,0,0,0,0,0,0,0,0,0,0,0,0,0,0,0,0,0,0,0,0,0,0,0,0,0,0,0,0,0,0,0,0,0,0,0,0,0,0,0,267,0,0,0,0,0,0,0,0,0,0,0,0,0,0,0,0,0,0,0,0,0,0,0,0,0,0,0,0,0,0,0,0,0,0,0,0,0,0,0,0,0,0,0,0,0,0,0,1277,0,0,0,0,0,0,0,0,0,0,0,0,0,0,0,0,0,0,0,0,0,0,0,0,0,0,0,0,0,0,0,0,0,0,0,0,0,0,0,0,0,0,0,0,0,0,0,0,0,0,0,0,0,0,0,0,0,0,0,0,0,0,0,0,0,0,0,0,0,0,0,0,0,0,0,0,0,0,0,0,0,0,0,0,0,0,0,0,0,0,0,0,0,0,0,0,0,0,0,0,0,0,0,0,0,0,0,0,0,0,0,0,0,0,"d__Eukaryota; p__Chordata; c__Mammalia; o__Lagomorpha; f__Leporidae; g__Lepus; s__Lepus_timidus"
"Oryctolagus_cuniculus",0,0,0,0,0,0,0,0,0,0,0,0,0,0,0,0,0,0,0,0,0,0,0,0,0,0,0,0,0,0,0,0,0,0,0,0,0,0,0,0,0,0,0,0,0,0,0,0,0,0,0,0,0,0,0,0,0,0,0,0,0,0,0,0,0,0,0,0,0,0,0,0,0,0,0,0,0,0,0,0,0,0,0,0,0,0,0,0,0,0,0,0,0,0,0,0,0,0,0,0,0,0,0,0,0,0,0,0,0,0,0,0,0,0,0,0,0,0,0,0,0,0,0,0,0,0,0,0,0,0,0,0,0,0,0,0,0,0,0,0,0,0,0,0,0,0,0,0,0,442,0,0,0,0,0,0,0,0,71,0,0,0,0,0,0,0,0,0,0,0,0,0,0,0,0,0,0,0,0,0,0,0,0,0,0,0,0,0,0,0,0,0,0,0,0,0,0,0,0,0,0,0,0,0,0,0,0,0,0,0,0,0,0,0,0,0,0,0,0,0,0,0,0,0,"d__Eukaryota; p__Chordata; c__Mammalia; o__Lagomorpha; f__Leporidae; g__Oryctolagus; s__Oryctolagus_cuniculus"
"Homo_sapiens",12430,4150,1856,171,2226,2329,11,21028,1315,2733,120,28,687,403,8,6,0,7,60,9,1861,1058,216,231,49,19,227,135,5,1222,86,3,387,437,60,398,763,394,264,2292,287,165,484,135,210,216,1479,517,20564,18526,59341,13493,8761,10770,654,32,19880,12189,39034,18702,409,16756,119,257,17030,21471,51612,34048,5813,11144,92086,15642,24296,3750,3977,2077,493,24656,7789,0,9099,3109,1109,2392,1155,412,10262,5092,1346,7,15783,3606,7660,2526,3697,12675,7484,11426,208,8158,101365,6670,15569,4002,38055,77269,3866,17271,27921,13085,67381,54037,17339,26107,5865,32478,5544,3326,44489,89,39864,18672,0,13644,44944,54241,7314,10961,33345,178,40044,55744,9333,25590,45385,2755,13885,38629,90099,11691,2178,27516,195843,9515,33221,27125,2403,77646,14282,40500,85512,8203,40884,24124,43538,76292,1167,8283,90750,39989,9254,17365,18744,27373,24169,42577,7811,47666,42809,24068,11631,17503,38938,29585,29054,213452,41796,14436,2774,4855,2621,3048,29,258,3277,1501,5474,2687,422,426,4747,2430,99,5541,26368,15268,2711,17813,13963,1770,0,3014,6164,15778,1925,7916,9820,839,8764,1475,2134,785,0,18258,2499,18649,5654,2540,796,717,3563,482,11607,18338,"d__Eukaryota; p__Chordata; c__Mammalia; o__Primates; f__Hominidae; g__Homo; s__Homo_sapiens"
"Arvicola_amphibius",0,0,0,0,0,0,0,0,0,0,0,0,0,4,0,23,0,15,0,8,0,0,0,0,0,0,0,0,0,0,0,0,0,0,0,0,0,0,0,0,0,0,0,0,0,0,0,0,18,0,0,0,0,5,0,0,10,0,4,0,0,0,0,0,12,3,4,9,4,5,7,0,8,17,0,24,9,5,0,0,0,0,0,0,9,35,6,40,0,0,11,4,0,9,0,11,0,0,0,0,0,0,0,0,0,0,9,9,0,8,0,3,11,12,0,0,0,0,0,0,4,0,9,0,0,3,0,0,0,0,0,0,0,0,0,0,6,0,0,0,0,0,5,5,0,3,5,0,0,0,8,0,37,0,0,0,0,0,0,0,0,0,0,4,0,0,0,0,0,44,0,0,0,38,36,5,0,0,5,0,0,0,0,0,0,0,10,0,0,0,0,0,0,0,0,3,0,0,0,0,7,0,0,0,0,0,0,0,0,0,3,0,0,0,10,0,105,15,0,0,0,0,0,28,"d__Eukaryota; p__Chordata; c__Mammalia; o__Rodentia; f__Cricetidae; g__Arvicola; s__Arvicola_amphibius"
"Microtus_agrestis",0,105,0,0,0,0,0,0,0,0,75190,85996,89386,42299,337,7073,0,30,71442,52179,0,0,0,0,0,0,0,0,0,0,0,0,0,0,0,0,0,0,0,0,0,0,0,0,0,17,0,0,68203,6191,1853,3037,0,0,0,0,7138,0,3170,25477,0,0,0,0,0,0,0,0,0,0,0,0,0,0,0,0,0,0,0,2390,1839,0,0,0,0,0,0,0,3,0,538,0,0,0,0,0,0,0,0,0,0,0,0,0,0,0,0,0,0,0,0,0,4881,0,0,0,0,1304,152582,0,0,0,0,0,0,0,0,0,0,0,0,0,0,0,0,0,0,0,0,0,0,0,0,0,218,0,3,0,0,66,0,506,0,2068,0,0,0,0,27,0,0,0,0,0,45,0,0,0,0,0,0,0,4838,0,0,0,0,0,674,0,0,0,0,0,0,3011,32,0,143,0,0,0,179,233,0,865,828,54,0,0,0,72,878,0,72,0,0,0,0,0,0,0,0,27474,0,16426,2831,254,0,0,1003,78,6681,67120,"d__Eukaryota; p__Chordata; c__Mammalia; o__Rodentia; f__Cricetidae; g__Microtus; s__Microtus_agrestis"
"Myodes_glareolus",0,0,0,0,0,0,0,0,0,0,0,0,0,0,0,0,0,0,0,0,0,0,0,0,0,0,0,0,0,0,0,0,0,0,40,0,0,0,0,0,0,0,0,0,0,0,0,0,15942,3305,0,0,0,0,0,0,0,0,0,0,0,0,0,0,0,0,0,0,0,1316,0,0,0,0,0,0,0,0,0,0,0,0,0,2152,0,0,0,0,0,0,0,0,0,0,0,0,0,0,0,0,0,0,0,0,0,0,0,0,0,0,0,0,0,0,0,0,0,0,0,0,0,0,0,0,0,0,0,0,0,0,0,0,0,0,0,0,0,0,0,2347,0,0,0,0,0,0,0,0,0,0,1351,0,0,0,0,0,0,0,0,0,0,0,0,0,0,0,0,0,0,0,0,0,0,0,0,0,0,0,0,0,0,0,0,0,0,0,0,0,0,0,0,0,0,0,0,0,0,40,0,0,0,0,0,4687,0,0,0,0,0,0,0,0,0,0,0,0,0,0,0,0,19,0,0,159,"d__Eukaryota; p__Chordata; c__Mammalia; o__Rodentia; f__Cricetidae; g__Myodes; s__Myodes_glareolus"
"Rattus_norvegicus",0,0,0,0,0,0,0,0,0,0,0,0,0,0,0,0,0,0,0,0,0,0,0,0,0,0,0,0,0,0,0,0,0,0,0,0,0,0,0,0,0,0,0,0,0,0,0,0,10,0,0,3,0,0,0,0,0,0,0,0,0,0,0,0,0,0,0,0,0,0,0,0,0,0,4,0,0,0,0,0,0,0,0,0,0,0,16,0,0,0,0,0,0,0,0,0,0,0,0,0,0,0,0,0,0,0,0,0,0,0,0,7,4,0,0,0,0,0,0,0,0,0,0,0,0,0,0,0,0,0,0,0,0,0,0,0,0,0,0,0,0,0,0,0,0,0,0,0,0,0,0,0,0,0,0,0,0,0,0,0,0,0,13,0,0,0,0,0,0,0,0,0,0,21,9,0,0,0,0,0,0,0,0,0,0,0,0,0,0,3,0,0,0,0,0,0,0,0,0,0,0,0,0,0,0,0,0,0,0,5,0,0,0,0,0,0,3,0,0,0,0,0,0,0,"d__Eukaryota; p__Chordata; c__Mammalia; o__Rodentia; f__Muridae; g__Rattus; s__Rattus_norvegicus"
"Sciurus_carolinensis",0,0,0,0,0,0,0,0,0,0,0,0,0,0,0,0,0,0,0,0,0,0,0,0,0,0,0,0,0,0,0,0,0,0,0,0,0,0,0,0,0,0,0,0,0,0,0,0,0,0,0,0,0,0,0,0,0,0,0,0,0,0,0,0,0,0,0,0,0,0,0,0,99,0,0,1078,0,0,0,0,0,0,0,469,0,0,0,0,0,0,0,0,0,0,0,0,0,0,0,0,0,0,0,0,0,0,0,0,0,0,0,0,0,0,0,0,0,0,0,0,0,0,0,0,0,0,0,0,0,0,0,0,0,0,0,0,0,0,0,0,0,0,0,0,0,0,9,0,0,0,0,0,0,0,0,197,0,0,0,0,0,0,0,0,1464,0,0,0,0,0,0,0,0,0,0,0,0,0,0,0,0,0,0,0,0,0,0,0,0,0,0,0,0,0,0,0,0,0,0,0,0,0,0,0,0,0,0,0,0,0,0,0,0,0,0,0,0,0,0,0,0,0,0,0,"d__Eukaryota; p__Chordata; c__Mammalia; o__Rodentia; f__Sciuridae; g__Sciurus; s__Sciurus_carolinensis"
"Sciurus_vulgaris",0,0,0,0,0,0,0,0,0,0,0,0,0,0,0,0,0,0,0,0,0,0,0,0,0,0,0,0,0,0,0,0,0,0,0,0,0,0,0,0,0,0,0,0,0,0,0,0,0,0,0,0,0,0,0,0,0,0,0,0,0,0,0,0,0,0,0,3577,0,0,0,0,137377,21332,0,0,0,0,0,0,0,0,0,1176,0,0,0,0,0,0,3,234,0,0,0,0,0,0,0,0,0,0,0,0,0,0,0,0,0,0,0,0,0,0,0,0,0,0,0,0,0,0,0,0,0,0,0,0,0,0,0,0,0,0,0,0,0,0,0,0,0,0,0,0,0,0,17654,653,0,11173,566,0,0,0,29144,0,0,0,3,0,0,0,0,0,211962,649,0,2185,0,0,5388,740,26416,0,10873,128,1008,0,0,0,0,0,0,0,0,0,0,0,0,0,0,0,0,0,0,0,0,39,0,0,0,0,1386,9530,0,0,0,0,0,0,0,0,0,0,0,0,0,0,0,0,0,0,0,0,"d__Eukaryota; p__Chordata; c__Mammalia; o__Rodentia; f__Sciuridae; g__Sciurus; s__Sciurus_vulgaris"
"Aythya",0,0,0,0,0,0,0,0,0,0,0,0,0,0,0,0,0,0,0,0,0,0,0,0,0,0,0,0,0,0,0,0,0,0,0,0,0,0,0,0,0,0,0,0,0,0,0,0,0,0,0,0,0,0,0,0,0,0,0,0,0,0,0,0,0,0,0,0,0,0,0,0,0,0,0,0,0,0,0,0,0,0,0,0,0,0,3,0,0,0,0,0,0,4,0,0,0,0,0,0,0,0,0,0,0,0,0,0,0,0,0,0,0,0,0,0,0,0,0,0,0,0,0,0,0,0,0,0,0,0,0,0,0,0,0,0,0,0,0,0,0,0,0,0,0,0,0,0,0,0,0,0,0,0,0,0,0,0,0,0,0,0,0,0,0,0,0,0,0,0,0,0,0,0,0,0,0,0,0,0,0,0,0,0,0,0,0,0,0,0,0,0,0,0,0,0,0,0,0,0,0,0,0,0,0,0,0,0,0,0,0,0,0,0,0,0,5,0,0,0,0,0,0,0,"d__Eukaryota; p__Chordata; c__Aves; o__Anseriformes; f__Anatidae; g__Aythya"
"Columba",0,0,0,0,0,0,0,0,0,0,0,0,0,0,0,0,0,0,0,0,0,0,0,0,0,0,0,0,0,0,0,0,0,0,0,0,0,0,0,0,0,0,0,0,0,0,0,0,0,0,0,0,0,0,0,0,0,0,0,0,0,0,0,0,0,0,0,0,0,0,0,0,0,0,0,0,0,0,0,0,0,0,0,0,0,0,0,0,0,0,0,0,0,0,0,0,0,0,0,0,0,0,0,0,0,2718,0,0,2435,0,0,0,0,0,0,4,0,0,0,0,2267,0,0,0,0,0,0,0,0,0,0,0,0,0,0,0,0,0,0,0,0,0,0,0,0,0,0,0,0,0,0,0,0,0,0,0,0,0,0,0,0,0,0,0,0,0,0,0,0,0,521,314,0,7,9,516,0,3447,0,0,0,0,0,0,37,0,0,0,0,0,0,0,0,0,0,0,0,0,0,0,0,0,0,0,0,0,0,0,0,0,0,0,0,0,0,0,0,0,0,0,0,0,0,5,"d__Eukaryota; p__Chordata; c__Aves; o__Columbiformes; f__Columbidae; g__Columba"
"Emberiza",0,0,0,0,0,0,0,0,0,0,0,0,0,0,0,0,0,0,0,0,0,0,0,0,0,0,0,0,0,0,0,0,0,0,0,0,0,0,0,0,0,0,0,0,0,0,0,0,0,0,0,0,0,0,0,0,0,0,0,0,0,0,0,0,0,0,0,0,0,0,0,0,0,0,0,0,0,0,0,0,0,0,0,0,0,0,0,0,0,0,0,0,0,0,0,0,0,0,0,0,0,0,0,0,0,0,0,0,0,0,0,0,0,0,0,0,0,0,0,0,0,0,0,0,6,0,0,0,0,0,0,0,0,0,0,0,0,0,0,0,0,0,0,0,0,0,0,0,0,0,0,0,0,0,0,0,0,0,0,0,0,0,0,0,0,0,0,0,0,0,0,0,0,0,0,0,0,0,0,0,0,0,0,0,0,0,0,0,0,0,0,0,0,0,0,0,0,0,0,0,0,0,0,0,0,0,0,0,0,0,0,0,0,0,0,0,0,0,0,0,0,0,0,0,"d__Eukaryota; p__Chordata; c__Aves; o__Passeriformes; f__Fringillidae; g__Emberiza"
"Fringilla",0,0,0,0,0,0,0,0,0,0,0,0,0,0,0,0,0,0,0,0,0,0,0,0,0,0,0,0,0,0,0,0,0,0,0,0,0,0,0,0,0,0,0,0,0,0,0,0,0,0,0,0,0,0,0,0,0,0,0,0,0,0,0,0,0,0,0,0,0,0,0,0,0,0,0,0,0,0,0,0,0,0,0,0,0,0,0,0,0,0,628,0,0,0,0,0,0,0,0,0,0,0,0,0,0,0,0,0,0,0,0,0,0,0,0,0,0,0,0,0,0,0,0,0,0,0,0,0,0,0,0,0,0,0,0,0,0,0,0,0,0,0,0,0,0,0,34,820,0,0,1212,111,683,0,1111,0,0,0,0,0,0,0,0,882,2424,0,0,4795,0,0,0,0,0,0,1455,0,0,0,0,0,0,0,0,0,1092,0,0,0,0,0,0,0,0,0,0,0,0,3921,0,0,0,0,260,2913,0,0,0,0,0,0,0,0,0,0,0,0,0,0,0,0,0,0,0,0,"d__Eukaryota; p__Chordata; c__Aves; o__Passeriformes; f__Fringillidae; g__Fringilla"
"Passer",0,0,0,0,0,0,0,0,0,0,0,0,0,0,0,0,0,0,0,0,0,0,0,0,0,0,0,0,0,0,0,0,0,0,0,0,0,0,0,0,0,0,0,0,0,0,0,0,0,0,0,0,0,0,0,0,0,0,0,0,0,0,0,0,0,0,0,0,0,0,0,0,0,0,0,0,0,0,0,0,0,0,0,0,0,0,0,0,0,0,0,0,0,0,0,0,0,0,0,0,0,0,0,0,0,0,0,0,0,0,0,0,0,0,0,0,0,0,0,0,0,0,0,0,0,0,0,0,0,0,0,0,0,0,0,0,0,0,0,0,0,0,0,0,0,0,0,0,0,0,0,0,565,0,0,0,0,0,0,0,0,0,0,0,0,0,0,0,0,0,0,0,0,0,0,0,0,0,0,0,0,0,0,0,0,0,0,0,0,0,0,0,0,0,0,0,0,0,0,0,0,0,0,0,0,0,0,0,0,0,0,0,0,0,0,0,0,0,0,0,0,0,0,0,"d__Eukaryota; p__Chordata; c__Aves; o__Passeriformes; f__Passeridae; g__Passer"
"Phylloscopus",0,0,0,0,0,0,0,0,0,0,0,0,0,0,0,0,0,0,0,0,0,0,0,0,0,0,0,0,0,0,0,0,0,0,0,0,0,0,0,0,0,0,0,0,0,0,0,0,0,0,0,0,0,0,0,0,0,0,0,0,0,0,0,0,0,0,0,0,0,0,0,0,0,0,0,0,0,0,0,0,0,0,0,0,0,0,0,0,0,0,0,0,0,0,0,0,0,0,0,0,0,0,0,0,0,0,0,0,0,0,0,0,0,0,0,0,0,0,0,0,0,0,0,0,0,0,0,0,0,0,0,0,0,0,0,0,0,0,0,0,0,0,0,0,0,0,0,0,0,1009,5166,1092,324,0,0,0,0,0,9710,0,0,0,0,0,0,0,0,0,0,590,0,0,353,0,0,0,0,0,0,0,0,0,5,0,699,0,0,0,0,0,0,0,0,0,0,0,0,245,0,0,0,0,814,1162,0,0,0,0,0,0,0,0,0,0,0,0,0,0,0,0,0,26,0,0,"d__Eukaryota; p__Chordata; c__Aves; o__Passeriformes; f__Phylloscopidae; g__Phylloscopus"
"Regulus",0,0,0,0,0,0,0,0,0,0,0,0,0,0,0,0,0,0,0,0,0,0,0,0,0,0,0,0,0,0,0,0,0,0,0,0,0,0,0,0,0,0,0,0,0,0,0,0,0,0,0,0,0,0,0,0,0,0,0,0,0,0,0,0,0,0,0,0,0,0,0,0,0,0,0,0,0,0,0,0,0,0,0,0,0,0,0,0,0,0,0,0,0,0,0,0,0,0,0,0,0,0,0,0,0,0,0,0,0,0,0,0,0,0,0,0,0,0,0,0,0,0,0,0,0,0,0,0,0,0,0,0,0,0,0,0,0,0,0,0,0,0,0,0,0,0,0,0,0,0,0,0,0,0,0,0,0,0,0,0,0,0,0,0,934,0,0,439,1410,0,0,5833,189,0,2126,0,0,0,0,0,0,0,0,0,0,0,0,0,0,0,0,0,0,0,0,0,0,2418,0,0,0,0,448,2593,0,0,0,0,0,0,0,0,0,0,0,0,0,0,0,0,0,0,0,0,"d__Eukaryota; p__Chordata; c__Aves; o__Passeriformes; f__Regulidae; g__Regulus"
"Curruca",0,0,0,0,0,0,0,0,0,0,0,0,0,0,0,0,0,0,0,0,0,0,0,0,0,0,0,0,0,0,0,0,0,0,0,0,0,0,0,0,0,0,0,0,0,0,0,0,0,0,0,0,0,0,0,0,0,0,0,0,0,0,0,0,0,0,0,0,0,0,0,0,0,0,0,0,0,0,0,0,0,0,0,0,0,0,0,0,0,0,0,0,0,0,0,0,0,0,0,0,0,0,0,0,0,0,0,0,0,0,0,0,0,0,0,0,0,0,0,0,0,0,0,0,0,0,0,0,0,0,0,0,0,0,0,0,0,0,0,0,0,0,0,0,0,0,0,0,0,0,0,0,0,0,0,0,0,0,0,4,0,0,0,0,0,0,0,0,0,0,0,0,0,0,0,0,0,0,0,0,0,0,0,0,0,0,0,0,0,0,0,0,0,0,0,0,0,0,0,0,0,0,0,0,0,0,0,0,0,0,0,0,0,0,0,0,0,0,0,0,0,0,0,0,"d__Eukaryota; p__Chordata; c__Aves; o__Passeriformes; f__Sylviidae; g__Curruca"
"Turdus",0,0,0,0,0,0,0,0,0,0,0,0,138,0,0,0,0,0,0,0,0,0,0,0,0,0,0,0,0,0,0,0,0,0,0,0,0,0,0,0,0,0,0,0,0,0,0,24,0,0,0,0,2884,0,0,0,0,0,0,0,0,0,0,0,4374,0,2053,0,0,0,0,0,0,0,0,0,0,0,0,0,0,0,0,0,0,0,0,0,0,0,0,0,0,0,0,0,0,0,0,0,0,0,0,0,0,0,0,0,0,0,0,0,0,0,0,0,0,0,0,0,0,0,0,0,0,0,0,0,0,0,0,0,0,0,0,0,0,0,0,0,0,0,0,0,0,0,0,0,0,0,2917,102,0,2053,0,0,0,0,0,0,0,0,0,0,0,0,0,0,0,522,0,0,0,0,0,0,0,0,0,0,0,0,0,167,461,0,0,0,0,0,0,0,0,0,0,0,0,2536,0,0,0,0,188,88,175471,0,1494,0,0,0,0,5,0,0,0,0,0,0,0,0,0,0,0,0,"d__Eukaryota; p__Chordata; c__Aves; o__Passeriformes; f__Turdidae; g__Turdus"
"Apodemus",0,0,0,0,0,0,0,0,0,0,0,0,0,0,0,0,0,0,0,0,0,0,0,0,0,0,0,0,0,0,0,0,0,0,0,0,0,0,0,0,0,0,0,0,0,0,0,0,44092,0,0,0,17186,16427,0,0,2864,9279,1747,2765,0,0,0,0,0,0,7,3132,0,6860,14061,0,59209,9186,0,0,0,0,0,0,0,0,0,0,0,0,3346,2061,0,0,0,288,501,0,0,0,0,0,0,0,0,0,0,0,0,0,0,0,0,0,0,0,0,0,0,0,0,0,0,0,0,0,0,0,0,0,0,0,0,0,0,0,0,0,0,0,0,0,0,0,0,0,0,1077,0,0,0,0,0,0,0,238,0,0,0,0,0,17,0,0,0,0,0,1429,0,543,0,0,0,0,0,1827,0,0,4823,0,0,0,0,0,0,0,0,0,0,0,0,0,0,0,0,0,0,0,0,456,0,5278,293,0,0,0,0,547,247,640,0,0,0,0,0,0,0,0,0,0,0,0,0,0,0,0,0,0,"d__Eukaryota; p__Chordata; c__Mammalia; o__Rodentia; f__Muridae; g__Apodemus"
"Percidae",0,0,0,0,0,0,0,0,0,0,0,0,14,0,0,0,0,0,3,0,33,41,0,0,0,0,0,0,0,0,0,0,0,0,0,0,0,0,0,0,0,0,0,0,0,9,0,0,0,37,0,0,0,17,0,0,0,0,0,0,0,15,0,0,0,3,0,38,17,0,0,3,0,1136,47,44,13,0,0,3,0,0,0,0,16,0,0,34,0,13,40,0,41,0,0,5,0,0,0,0,0,0,0,0,0,0,8,12,5,0,0,0,4,6,37,0,24,0,0,0,0,0,8,0,0,0,0,0,0,0,0,3,0,8,0,0,4,14,0,0,44,0,0,3,37,17,16,0,0,0,0,105,0,0,27,7,0,545,0,3,43,61,0,0,36,7,19,5,0,0,9,0,7,0,0,0,0,6,0,0,0,17,5,13,0,0,0,40,0,0,0,3,4,0,97,28,0,133,21,27,0,0,0,12,16,13,91,0,0,21,0,4,0,9,0,0,0,0,0,8,0,0,6,0,"d__Eukaryota; p__Chordata; c__Actinopteri; o__Perciformes; f__Percidae"
"Anatidae",0,0,0,0,0,0,0,0,0,0,0,0,0,6,38,66,0,0,88,15,0,0,0,0,0,0,0,0,0,0,0,0,0,0,6,0,0,0,0,0,0,0,0,0,0,0,13,0,12,10,11,3,4,4,0,0,0,0,0,0,0,4,0,0,0,0,0,5,39,0,14,6,0,0,7,0,15,8,0,3,0,0,0,7,5,0,150,0,0,7,0,5,0,0,0,3,0,0,4,0,3,0,0,7,0,0,7,6,0,33,0,66,11,7,0,10,0,0,0,0,45,7,14,10,0,0,3,0,10,6,0,0,0,0,0,0,11,12,5,0,0,0,0,6,4,0,41,3,0,3,47,14,0,0,0,0,0,0,0,0,0,50,55,0,0,0,64,3,0,0,69,0,5,11,9,4,0,4,0,0,36,0,0,5,0,0,0,3,0,0,6,0,5,15,0,0,4,0,10,7,0,0,0,7,15,3,0,0,10,0,4,0,0,0,0,0,24,0,0,0,0,24,0,51,"d__Eukaryota; p__Chordata; c__Aves; o__Anseriformes; f__Anatidae"
"Phasianidae",0,0,0,0,328,0,0,0,0,0,0,0,61,0,0,0,0,0,0,0,247,0,0,7,0,0,0,0,0,0,0,0,0,0,0,0,0,0,0,0,0,0,0,0,0,0,0,0,0,0,0,0,0,0,0,0,0,0,0,0,0,0,0,0,0,0,0,0,0,0,0,0,0,0,0,0,0,0,4968,5638,0,0,0,0,0,0,0,0,0,0,622,0,0,0,0,0,0,0,0,2844,4611,3233,0,0,0,0,0,4224,2734,2001,0,36012,0,0,0,0,0,0,0,0,0,0,0,0,0,0,0,0,0,0,0,1986,3052,0,0,0,0,1051,0,0,0,6006,963,0,0,1141,20,356,0,0,160,6049,0,0,0,0,0,0,0,480,0,0,0,0,499,0,0,0,400,0,0,0,0,427,0,0,150,0,0,0,0,0,0,0,30,0,0,0,0,0,0,0,0,0,0,303,0,0,0,0,0,0,0,0,0,0,0,0,0,0,0,0,0,0,0,0,0,0,0,0,0,0,0,0,"d__Eukaryota; p__Chordata; c__Aves; o__Galliformes; f__Phasianidae"
"Corvidae",0,0,0,0,0,0,0,0,0,0,0,0,0,0,0,0,0,0,0,0,0,0,0,0,0,0,0,0,0,0,0,0,0,0,0,0,0,0,0,0,0,0,0,0,0,0,0,0,0,0,0,0,0,0,0,0,0,0,0,0,0,0,0,0,0,0,0,0,0,0,0,0,0,0,0,0,0,0,0,0,0,0,0,0,0,0,0,0,0,0,0,0,0,0,0,0,0,0,0,0,0,0,0,0,0,0,0,0,0,0,0,0,0,0,0,0,0,0,0,0,0,0,0,0,0,0,0,0,0,0,0,0,0,0,0,0,0,0,0,0,0,0,0,0,0,0,0,0,0,0,0,0,0,0,0,0,0,0,0,0,0,0,0,0,0,4,0,716,0,0,0,0,296,0,0,0,0,0,0,0,0,0,0,0,0,0,0,0,0,0,0,0,0,0,0,0,0,0,0,0,0,0,0,0,0,0,0,0,0,0,0,0,0,0,0,0,0,0,0,0,0,0,0,0,"d__Eukaryota; p__Chordata; c__Aves; o__Passeriformes; f__Corvidae"
"Fringillidae",0,0,0,0,0,0,0,0,0,0,0,0,0,0,0,0,0,0,0,0,0,0,0,0,0,0,0,0,0,0,0,0,0,0,0,0,0,0,0,0,0,0,0,0,0,0,0,0,0,0,0,0,0,0,0,0,0,0,0,0,0,0,0,0,0,0,0,0,0,0,0,0,0,0,0,0,0,0,0,0,0,0,0,0,0,0,0,0,0,0,0,0,0,0,0,0,0,0,0,0,0,0,0,0,0,0,0,0,0,0,0,0,0,0,0,0,0,0,0,0,0,0,0,0,0,0,0,0,0,0,0,0,0,0,0,0,0,0,0,0,0,0,0,0,0,0,0,0,0,0,0,0,0,0,0,0,0,0,0,0,0,0,0,0,0,0,0,0,0,0,0,0,0,0,0,0,0,686,0,0,0,0,0,0,0,0,0,0,0,0,0,0,0,0,0,0,0,0,0,0,0,0,0,335,0,0,0,0,0,0,0,0,0,0,0,0,0,0,0,0,0,0,0,0,"d__Eukaryota; p__Chordata; c__Aves; o__Passeriformes; f__Fringillidae"
"Hirundinidae",0,0,0,0,0,0,0,0,0,0,0,0,0,0,0,0,0,0,0,0,0,0,0,0,0,0,0,0,0,0,0,0,0,0,0,0,0,0,0,0,0,0,0,0,0,0,0,0,0,0,0,0,0,0,0,0,0,0,0,0,0,0,0,0,0,0,0,0,0,0,0,0,0,0,0,0,0,0,0,0,0,0,0,0,0,0,0,0,0,0,0,0,0,0,0,0,0,0,0,0,0,0,0,0,0,0,0,0,0,0,0,0,0,0,0,0,0,0,0,0,0,0,0,0,0,0,0,0,0,0,0,0,0,0,0,0,0,0,0,0,0,0,0,0,0,0,0,0,0,0,0,0,0,0,0,0,0,0,0,0,0,0,0,0,0,0,0,0,0,0,0,0,0,0,0,0,0,0,0,0,0,0,0,0,81,0,0,0,0,0,0,0,0,0,0,0,0,0,0,0,0,0,0,0,0,0,0,0,0,0,0,0,0,0,0,0,0,0,0,0,0,0,0,0,"d__Eukaryota; p__Chordata; c__Aves; o__Passeriformes; f__Hirundinidae"
"Paridae",0,0,0,0,0,0,0,0,0,0,0,0,0,0,0,0,0,0,0,0,0,0,0,0,0,0,0,0,0,0,0,0,0,0,0,0,0,0,0,0,0,0,0,0,0,0,0,0,0,0,0,0,0,0,0,0,0,0,0,0,0,0,0,0,0,0,0,0,0,0,0,0,0,0,0,0,0,0,283,0,0,0,0,0,0,0,0,0,0,0,0,0,0,0,0,0,0,0,0,0,0,0,0,0,0,0,0,0,0,0,0,0,0,0,0,0,0,0,0,0,0,0,0,0,0,0,0,0,0,0,0,0,0,0,0,0,0,0,0,0,0,0,0,0,0,0,0,0,0,0,0,0,0,0,0,0,0,0,0,0,0,0,0,0,0,0,0,0,0,0,0,0,0,0,0,0,0,0,0,0,0,0,0,0,0,0,0,0,0,0,0,0,0,0,0,0,0,0,0,0,0,0,0,0,0,0,0,0,0,0,0,0,0,0,0,0,0,0,0,0,0,0,0,0,"d__Eukaryota; p__Chordata; c__Aves; o__Passeriformes; f__Paridae"
"Bovidae",0,0,0,0,0,0,0,0,0,0,0,0,0,0,0,0,0,0,0,0,0,0,0,0,0,0,0,0,0,0,0,0,0,0,0,0,0,0,0,0,0,0,0,0,0,0,0,0,0,0,0,0,0,0,0,0,0,0,0,0,0,0,0,0,0,0,0,0,0,0,0,0,0,0,0,0,0,0,0,0,0,0,0,0,0,0,0,0,0,0,0,0,0,0,0,0,0,0,0,0,0,0,0,0,0,0,0,0,0,0,0,0,0,0,0,0,0,0,0,0,0,0,0,0,0,0,0,0,0,0,0,0,0,0,0,0,0,0,0,0,0,0,0,0,0,0,0,0,0,0,0,0,0,0,0,85,0,0,0,11,0,0,0,0,0,0,0,0,0,0,0,0,0,0,0,0,0,0,0,0,0,0,0,0,0,0,0,0,0,0,0,0,0,0,0,0,0,0,0,0,0,0,0,0,0,0,0,0,0,0,0,0,0,0,0,0,0,0,0,0,0,0,0,0,"d__Eukaryota; p__Chordata; c__Mammalia; o__Artiodactyla; f__Bovidae"
"Cervidae",0,0,0,0,0,0,0,0,0,0,0,0,0,0,0,0,0,0,0,0,0,0,0,0,0,0,0,0,0,0,0,0,0,0,0,0,0,0,0,0,0,0,0,0,0,0,0,0,0,0,0,0,0,0,0,0,0,0,0,0,0,0,0,0,0,0,0,0,0,0,0,0,0,0,0,0,0,0,0,0,0,0,0,0,0,0,0,0,0,0,0,0,0,0,0,0,0,0,0,0,0,0,0,0,0,0,0,0,0,0,0,0,0,0,0,0,0,0,0,0,0,0,0,0,0,0,2890,0,0,0,0,0,0,0,0,0,0,0,0,0,0,0,0,0,0,0,0,0,0,0,0,4230,0,0,0,0,0,0,0,0,755,0,0,0,0,0,0,0,0,0,0,0,0,0,0,0,0,0,0,0,0,0,0,0,0,1141,0,0,0,0,0,0,0,0,0,0,0,0,0,0,0,0,0,0,0,0,0,0,0,0,0,40,0,0,0,654,635,0,0,0,0,19,0,0,"d__Eukaryota; p__Chordata; c__Mammalia; o__Artiodactyla; f__Cervidae"
"Passeriformes",0,0,0,0,0,0,0,0,0,0,0,0,0,0,0,0,0,0,0,0,0,0,0,0,0,0,0,0,0,0,0,0,0,0,0,0,0,0,0,0,0,0,0,0,0,0,0,0,0,0,0,0,0,0,0,0,0,0,0,0,0,0,0,0,0,0,0,0,0,0,0,0,0,0,0,0,0,0,0,0,0,0,0,0,0,0,0,0,0,0,0,0,0,0,0,0,0,0,0,0,0,0,0,0,0,0,0,0,0,0,0,0,0,0,0,0,0,0,0,0,0,0,0,0,0,0,0,0,0,0,0,0,0,0,0,0,0,0,0,0,0,0,0,0,0,0,0,0,0,0,162,0,0,0,0,0,0,0,0,1025,0,0,0,0,0,551,0,8350,0,0,0,0,0,0,1236,0,0,0,0,0,0,0,0,0,16,0,0,0,0,0,0,0,250,299,0,0,0,0,3520,0,0,0,237,0,0,650,0,0,0,0,0,0,0,0,9140,653,0,0,0,542,3,0,0,0,"d__Eukaryota; p__Chordata; c__Aves; o__Passeriformes"
