consumer,resource,source,data_type,reference
Strix aluco,Sylvia atricapilla,GLOBI,,
Sciurus vulgaris,Aegithalos caudatus,GLOBI,,
Martes martes,Turdus merula,GLOBI,,
Martes martes,Turdus philomelos,GLOBI,,
Dendrocopos major,Fringilla coelebs,GLOBI,,
Dendrocopos major,Turdus merula,GLOBI,,
Dendrocopos major,Carduelis carduelis,GLOBI,,
Accipiter nisus,Turdus merula,GLOBI,,
Buteo buteo,Sylvia atricapilla,GLOBI,,
Buteo buteo,Turdus merula,GLOBI,,
Garrulus glandarius,Prunella modularis,GLOBI,,
Garrulus glandarius,Turdus merula,GLOBI,,
Buteo buteo,Turdus philomelos,GLOBI,,
Martes martes,Sylvia atricapilla,GLOBI,,
Accipiter nisus,Turdus philomelos,GLOBI,,
Dendrocopos major,Turdus philomelos,GLOBI,,
Vulpes vulpes,Sylvia atricapilla,GLOBI,,
Accipiter gentilis,Sylvia atricapilla,GLOBI,,
Sciurus vulgaris,Apodemus sylvaticus,GLOBI,,
Martes martes,Prunella modularis,GLOBI,,
Garrulus glandarius,Fringilla coelebs,GLOBI,,
Dendrocopos major,Sylvia atricapilla,GLOBI,,
Garrulus glandarius,Sylvia atricapilla,GLOBI,,
Garrulus glandarius,Turdus philomelos,GLOBI,,
Sciurus vulgaris,Carduelis carduelis,GLOBI,,
Turdus merula,Rana temporaria,GLOBI,,
Cuculus canorus,Rana temporaria,GLOBI,,
Buteo buteo,Rana temporaria,GLOBI,,
Vulpes vulpes,Myodes glareolus,GLOBI,,
Vulpes vulpes,Talpa europaea,GLOBI,,
Accipiter gentilis,Anatidae,GLOBI,,
Accipiter gentilis,Sciurus vulgaris,GLOBI,,
Accipiter gentilis,Pluvialis apricaria,GLOBI,,
Accipiter gentilis,Columba,GLOBI,,
Accipiter gentilis,Columba,GLOBI,,
Accipiter gentilis,Turdus philomelos,GLOBI,,
Accipiter gentilis,Garrulus glandarius,GLOBI,,
Accipiter gentilis,Scolopax rusticola,GLOBI,,
Accipiter gentilis,Oryctolagus cuniculus,GLOBI,,
Accipiter gentilis,Numenius arquata,GLOBI,,
Accipiter gentilis,Turdus viscivorus,GLOBI,,
Accipiter gentilis,Fringilla coelebs,GLOBI,,
Accipiter gentilis,Turdus merula,GLOBI,,
Accipiter gentilis,Phasianidae,GLOBI,,
Accipiter gentilis,Gallinula chloropus,GLOBI,,
Accipiter gentilis,Lepus timidus,GLOBI,,
Accipiter gentilis,Arvicola amphibius,GLOBI,,
Accipiter gentilis,Sciurus carolinensis,GLOBI,,
Accipiter gentilis,Columba,GLOBI,,
Accipiter gentilis,Accipiter nisus,GLOBI,,
Accipiter gentilis,Anthus pratensis,GLOBI,,
Accipiter gentilis,Anatidae,GLOBI,,
Accipiter gentilis,Rana temporaria,GLOBI,,
Accipiter gentilis,Cuculus canorus,GLOBI,,
Accipiter gentilis,Dendrocopos major,GLOBI,,
Accipiter gentilis,Anatidae,GLOBI,,
Accipiter gentilis,Passer domesticus,GLOBI,,
Vulpes vulpes,Lepus timidus,GLOBI,,
Vulpes vulpes,Sciurus vulgaris,GLOBI,,
Vulpes vulpes,Capreolus capreolus,GLOBI,,
Vulpes vulpes,Meles meles,GLOBI,,
Vulpes vulpes,Arvicola amphibius,GLOBI,,
Vulpes vulpes,Martes martes,GLOBI,,
Vulpes vulpes,Sorex araneus,GLOBI,,
Vulpes vulpes,Microtus agrestis,GLOBI,,
Vulpes vulpes,Oryctolagus cuniculus,GLOBI,,
Vulpes vulpes,Apodemus sylvaticus,GLOBI,,
Vulpes vulpes,Rattus norvegicus,GLOBI,,
Vulpes vulpes,Sorex minutus,GLOBI,,
Vulpes vulpes,Cervus elaphus,GLOBI,,
Martes martes,Myodes glareolus,GLOBI,,
Martes martes,Lepus timidus,GLOBI,,
Martes martes,Sciurus vulgaris,GLOBI,,
Martes martes,Arvicola amphibius,GLOBI,,
Martes martes,Sorex minutus,GLOBI,,
Martes martes,Microtus agrestis,GLOBI,,
Martes martes,Capreolus capreolus,GLOBI,,
Martes martes,Apodemus sylvaticus,GLOBI,,
Martes martes,Oryctolagus cuniculus,GLOBI,,
Martes martes,Sorex araneus,GLOBI,,
Vulpes vulpes,Anatidae,GLOBI,,
Rattus norvegicus,Anatidae,GLOBI,,
Accipiter nisus,Carduelis carduelis,GLOBI,,
Accipiter nisus,Aegithalos caudatus,GLOBI,,
Accipiter nisus,Saxicola rubetra,GLOBI,,
Accipiter nisus,Fringilla coelebs,GLOBI,,
Accipiter nisus,Cyanistes caeruleus,GLOBI,,
Accipiter nisus,Parus major,GLOBI,,
Accipiter nisus,Motacilla cinerea,GLOBI,,
Accipiter nisus,Periparus ater,GLOBI,,
Accipiter nisus,Columba,GLOBI,,
Accipiter nisus,Dendrocopos major,GLOBI,,
Accipiter nisus,Loxia curvirostra,GLOBI,,
Accipiter nisus,Erithacus rubecula,GLOBI,,
Accipiter nisus,Troglodytes troglodytes,GLOBI,,
Accipiter nisus,Passer domesticus,GLOBI,,
Accipiter nisus,Strix aluco,GLOBI,,
Accipiter nisus,Turdus viscivorus,GLOBI,,
Accipiter nisus,Hirundo rustica,GLOBI,,
Accipiter nisus,Sylvia atricapilla,GLOBI,,
Accipiter nisus,Sitta europaea,GLOBI,,
Accipiter nisus,Garrulus glandarius,GLOBI,,
Accipiter nisus,Spinus spinus,GLOBI,,
Accipiter nisus,Prunella modularis,GLOBI,,
Accipiter nisus,Pyrrhula pyrrhula,GLOBI,,
Accipiter nisus,Columba,GLOBI,,
Accipiter nisus,Motacilla alba,GLOBI,,
Vulpes vulpes,Anatidae,GLOBI,,
Vulpes vulpes,Columba,GLOBI,,
Vulpes vulpes,Anatidae,GLOBI,,
Vulpes vulpes,Buteo buteo,GLOBI,,
Vulpes vulpes,Cygnus olor,GLOBI,,
Vulpes vulpes,Columba,GLOBI,,
Corvus corone,Sylvia atricapilla,GLOBI,,
Vulpes vulpes,Garrulus glandarius,GLOBI,,
Vulpes vulpes,Phasianidae,GLOBI,,
Vulpes vulpes,Columba,GLOBI,,
Vulpes vulpes,Somateria mollissima,GLOBI,,
Vulpes vulpes,Turdus merula,GLOBI,,
Vulpes vulpes,Branta bernicla,GLOBI,,
Vulpes vulpes,Aythya,GLOBI,,
Vulpes vulpes,Spatula querquedula,GLOBI,,
Vulpes vulpes,Pluvialis apricaria,GLOBI,,
Vulpes vulpes,Tringa nebularia,GLOBI,,
Vulpes vulpes,Anatidae,GLOBI,,
Vulpes vulpes,Corvus corone,GLOBI,,
Vulpes vulpes,Anthus trivialis,GLOBI,,
Vulpes vulpes,Periparus ater,GLOBI,,
Vulpes vulpes,Spinus spinus,GLOBI,,
Vulpes vulpes,Mergus serrator,GLOBI,,
Vulpes vulpes,Branta leucopsis,GLOBI,,
Vulpes vulpes,Actitis hypoleucos,GLOBI,,
Vulpes vulpes,Saxicola rubetra,GLOBI,,
Vulpes vulpes,Gallinula chloropus,GLOBI,,
Vulpes vulpes,Columba,GLOBI,,
Vulpes vulpes,Phylloscopus trochilus,GLOBI,,
Vulpes vulpes,Scolopax rusticola,GLOBI,,
Vulpes vulpes,Strix aluco,GLOBI,,
Vulpes vulpes,Lagopus muta,GLOBI,,
Vulpes vulpes,Netta rufina,GLOBI,,
Vulpes vulpes,Anthus pratensis,GLOBI,,
Vulpes vulpes,Turdus philomelos,GLOBI,,
Vulpes vulpes,Marmaronetta angustirostris,GLOBI,,
Vulpes vulpes,Haematopus ostralegus,GLOBI,,
Vulpes vulpes,Lophophanes cristatus,GLOBI,,
Vulpes vulpes,Anatidae,GLOBI,,
Vulpes vulpes,Oxyura leucocephala,GLOBI,,
Vulpes vulpes,Passer domesticus,GLOBI,,
Vulpes vulpes,Turdus viscivorus,GLOBI,,
Vulpes vulpes,Fulica atra,GLOBI,,
Vulpes vulpes,Anatidae,GLOBI,,
Vulpes vulpes,Rana temporaria,GLOBI,,
Vulpes vulpes,Tadorna ferruginea,GLOBI,,
Vulpes vulpes,Prunella modularis,GLOBI,,
Vulpes vulpes,Melanitta nigra,GLOBI,,
Vulpes vulpes,Numenius arquata,GLOBI,,
Vulpes vulpes,Fringilla coelebs,GLOBI,,
Vulpes vulpes,Tadorna tadorna,GLOBI,,
Vulpes vulpes,Pyrrhula pyrrhula,GLOBI,,
Vulpes vulpes,Clangula hyemalis,GLOBI,,
Vulpes vulpes,Muscicapa striata,GLOBI,,
Vulpes vulpes,Anatidae,GLOBI,,
Vulpes vulpes,Parus major,GLOBI,,
Vulpes vulpes,Aythya,GLOBI,,
Vulpes vulpes,Erithacus rubecula,GLOBI,,
Vulpes vulpes,Motacilla cinerea,GLOBI,,
Vulpes vulpes,Plectrophenax nivalis,GLOBI,,
Vulpes vulpes,Sitta europaea,GLOBI,,
Vulpes vulpes,Carduelis carduelis,GLOBI,,
Vulpes vulpes,Cygnus cygnus,GLOBI,,
Vulpes vulpes,Bufo bufo,GLOBI,,
Fringilla coelebs,Accipiter nisus,GLOBI,,
Sciurus vulgaris,Certhia familiaris,GLOBI,,
Sciurus vulgaris,Certhia familiaris,GLOBI,,
Sciurus vulgaris,Cyanistes caeruleus,GLOBI,,
Sciurus vulgaris,Erithacus rubecula,GLOBI,,
Sciurus vulgaris,Fringilla coelebs,GLOBI,,
Sciurus vulgaris,Lophophanes cristatus,GLOBI,,
Sciurus vulgaris,Loxia curvirostra,GLOBI,,
Sciurus vulgaris,Muscicapa striata,GLOBI,,
Sciurus vulgaris,Parus major,GLOBI,,
Sciurus vulgaris,Passer domesticus,GLOBI,,
Sciurus vulgaris,Periparus ater,GLOBI,,
Sciurus vulgaris,Phylloscopus trochilus,GLOBI,,
Sciurus vulgaris,Prunella modularis,GLOBI,,
Sciurus vulgaris,Pyrrhula pyrrhula,GLOBI,,
Sciurus vulgaris,Regulus regulus,GLOBI,,
Sciurus vulgaris,Spinus spinus,GLOBI,,
Sciurus vulgaris,Sylvia atricapilla,GLOBI,,
Sciurus vulgaris,Troglodytes troglodytes,GLOBI,,
Martes martes,Sitta europaea,GLOBI,,
Martes martes,Talpa europaea,GLOBI,,
Meles meles,Actitis hypoleucos,GLOBI,,
Meles meles,Anatidae,GLOBI,,
Meles meles,Anthus pratensis,GLOBI,,
Martes martes,Corvus corone,GLOBI,,
Martes martes,Erithacus rubecula,GLOBI,,
Martes martes,Cyanistes caeruleus,GLOBI,,
Martes martes,Columba,GLOBI,,
Meles meles,Anthus trivialis,GLOBI,,
Martes martes,Aegithalos caudatus,GLOBI,,
Martes martes,Garrulus glandarius,GLOBI,,
Martes martes,Accipiter nisus,GLOBI,,
Martes martes,Spinus spinus,GLOBI,,
Martes martes,Periparus ater,GLOBI,,
Martes martes,Dendrocopos major,GLOBI,,
Martes martes,Lophophanes cristatus,GLOBI,,
Martes martes,Muscicapa striata,GLOBI,,
Martes martes,Carduelis carduelis,GLOBI,,
Martes martes,Turdus viscivorus,GLOBI,,
Martes martes,Columba,GLOBI,,
Martes martes,Fringilla coelebs,GLOBI,,
Martes martes,Columba,GLOBI,,
Martes martes,Bufo bufo,GLOBI,,
Martes martes,Troglodytes troglodytes,GLOBI,,
Martes martes,Parus major,GLOBI,,
Meles meles,Arvicola amphibius,GLOBI,,
Martes martes,Loxia curvirostra,GLOBI,,
Martes martes,Strix aluco,GLOBI,,
Martes martes,Pyrrhula pyrrhula,GLOBI,,
Meles meles,Bufo bufo,GLOBI,,
Martes martes,Cuculus canorus,GLOBI,,
Martes martes,Phasianidae,GLOBI,,
Martes martes,Lagopus muta,GLOBI,,
Martes martes,Buteo buteo,GLOBI,,
Meles meles,Lagopus muta,GLOBI,,
Meles meles,Microtus agrestis,GLOBI,,
Martes martes,Rana temporaria,GLOBI,,
Meles meles,Motacilla alba,GLOBI,,
Martes martes,Myotis daubentonii,GLOBI,,
Meles meles,Motacilla cinerea,GLOBI,,
Meles meles,Myodes glareolus,GLOBI,,
Corvus corax,Sorex araneus,GLOBI,,
Corvus corax,Cyanistes caeruleus,GLOBI,,
Corvus corax,Garrulus glandarius,GLOBI,,
Corvus corax,Myodes glareolus,GLOBI,,
Corvus corax,Parus major,GLOBI,,
Corvus corax,Plectrophenax nivalis,GLOBI,,
Corvus corax,Spinus spinus,GLOBI,,
Corvus corax,Carduelis carduelis,GLOBI,,
Corvus corax,Lophophanes cristatus,GLOBI,,
Corvus corax,Fringilla coelebs,GLOBI,,
Corvus corax,Neomys fodiens,GLOBI,,
Corvus corax,Corvus corone,GLOBI,,
Corvus corax,Loxia curvirostra,GLOBI,,
Corvus corax,Sorex minutus,GLOBI,,
Corvus corax,Periparus ater,GLOBI,,
Corvus corax,Passer domesticus,GLOBI,,
Corvus corax,Arvicola amphibius,GLOBI,,
Corvus corax,Microtus agrestis,GLOBI,,
Corvus corax,Lepus timidus,GLOBI,,
Corvus corax,Oryctolagus cuniculus,GLOBI,,
Corvus corax,Talpa europaea,GLOBI,,
Passer domesticus,Rana temporaria,GLOBI,,
Corvus corax,Sciurus vulgaris,GLOBI,,
Corvus corax,Pyrrhula pyrrhula,GLOBI,,
Corvus corax,Somateria mollissima,GLOBI,,
Corvus corone,Bucephala islandica,GLOBI,,
Corvus corax,Melanitta nigra,GLOBI,,
Corvus corone,Anthus pratensis,GLOBI,,
Corvus corax,Turdus philomelos,GLOBI,,
Corvus corone,Turdus viscivorus,GLOBI,,
Corvus corax,Fulica atra,GLOBI,,
Corvus corax,Tadorna ferruginea,GLOBI,,
Corvus corone,Tringa nebularia,GLOBI,,
Corvus corone,Spinus spinus,GLOBI,,
Corvus corax,Turdus merula,GLOBI,,
Corvus corone,Regulus regulus,GLOBI,,
Corvus corax,Marmaronetta angustirostris,GLOBI,,
Corvus corone,Aythya,GLOBI,,
Corvus corone,Somateria mollissima,GLOBI,,
Corvus corone,Fulica atra,GLOBI,,
Corvus corone,Troglodytes troglodytes,GLOBI,,
Corvus corone,Prunella modularis,GLOBI,,
Corvus corax,Rana temporaria,GLOBI,,
Corvus corone,Motacilla alba,GLOBI,,
Corvus corone,Phasianidae,GLOBI,,
Corvus corax,Troglodytes troglodytes,GLOBI,,
Corvus corax,Motacilla alba,GLOBI,,
Corvus corone,Aythya,GLOBI,,
Corvus corax,Columba,GLOBI,,
Corvus corone,Loxia curvirostra,GLOBI,,
Corvus corax,Phasianidae,GLOBI,,
Corvus corone,Clangula hyemalis,GLOBI,,
Corvus corone,Bucephala clangula,GLOBI,,
Corvus corax,Pluvialis apricaria,GLOBI,,
Corvus corax,Accipiter nisus,GLOBI,,
Corvus corax,Regulus regulus,GLOBI,,
Corvus corone,Lophophanes cristatus,GLOBI,,
Corvus corone,Erithacus rubecula,GLOBI,,
Corvus corone,Muscicapa striata,GLOBI,,
Corvus corax,Haematopus ostralegus,GLOBI,,
Corvus corone,Anatidae,GLOBI,,
Corvus corone,Anatidae,GLOBI,,
Corvus corone,Sorex araneus,GLOBI,,
Corvus corone,Plectrophenax nivalis,GLOBI,,
Corvus corone,Passer domesticus,GLOBI,,
Corvus corax,Tachybaptus ruficollis,GLOBI,,
Corvus corax,Cuculus canorus,GLOBI,,
Corvus corone,Pyrrhula pyrrhula,GLOBI,,
Corvus corone,Haematopus ostralegus,GLOBI,,
Corvus corone,Fringilla coelebs,GLOBI,,
Corvus corone,Tachybaptus ruficollis,GLOBI,,
Corvus corone,Rana temporaria,GLOBI,,
Corvus corone,Corvus corax,GLOBI,,
Corvus corone,Columba,GLOBI,,
Corvus corax,Anatidae,GLOBI,,
Corvus corax,Anthus pratensis,GLOBI,,
Corvus corone,Parus major,GLOBI,,
Corvus corone,Microtus agrestis,GLOBI,,
Corvus corone,Actitis hypoleucos,GLOBI,,
Corvus corone,Myodes glareolus,GLOBI,,
Corvus corone,Neomys fodiens,GLOBI,,
Corvus corax,Numenius arquata,GLOBI,,
Corvus corone,Branta leucopsis,GLOBI,,
Corvus corone,Mergus serrator,GLOBI,,
Corvus corone,Carduelis carduelis,GLOBI,,
Corvus corone,Melanitta nigra,GLOBI,,
Corvus corone,Anatidae,GLOBI,,
Corvus corax,Aythya,GLOBI,,
Corvus corone,Gallinula chloropus,GLOBI,,
Corvus corax,Aythya,GLOBI,,
Corvus corax,Prunella modularis,GLOBI,,
Corvus corax,Anatidae,GLOBI,,
Corvus corone,Buteo buteo,GLOBI,,
Corvus corax,Bucephala islandica,GLOBI,,
Corvus corone,Anatidae,GLOBI,,
Corvus corax,Columba,GLOBI,,
Corvus corone,Cuculus canorus,GLOBI,,
Corvus corone,Columba,GLOBI,,
Corvus corax,Muscicapa striata,GLOBI,,
Corvus corax,Bucephala clangula,GLOBI,,
Corvus corone,Turdus philomelos,GLOBI,,
Corvus corone,Numenius arquata,GLOBI,,
Corvus corax,Mergus merganser,GLOBI,,
Corvus corone,Sorex minutus,GLOBI,,
Corvus corone,Motacilla cinerea,GLOBI,,
Corvus corax,Lagopus muta,GLOBI,,
Corvus corone,Tadorna tadorna,GLOBI,,
Corvus corone,Turdus merula,GLOBI,,
Corvus corone,Tadorna ferruginea,GLOBI,,
Corvus corone,Mergus merganser,GLOBI,,
Corvus corone,Spatula querquedula,GLOBI,,
Corvus corax,Erithacus rubecula,GLOBI,,
Corvus corax,Mergellus albellus,GLOBI,,
Corvus corax,Cygnus cygnus,GLOBI,,
Corvus corone,Cygnus olor,GLOBI,,
Corvus corax,Saxicola rubetra,GLOBI,,
Corvus corone,Cyanistes caeruleus,GLOBI,,
Corvus corax,Branta bernicla,GLOBI,,
Corvus corone,Saxicola rubetra,GLOBI,,
Corvus corax,Phylloscopus trochilus,GLOBI,,
Corvus corone,Mergellus albellus,GLOBI,,
Corvus corax,Buteo buteo,GLOBI,,
Corvus corone,Periparus ater,GLOBI,,
Corvus corone,Pluvialis apricaria,GLOBI,,
Corvus corax,Bufo bufo,GLOBI,,
Corvus corone,Bufo bufo,GLOBI,,
Corvus corax,Netta rufina,GLOBI,,
Corvus corone,Marmaronetta angustirostris,GLOBI,,
Corvus corax,Motacilla cinerea,GLOBI,,
Corvus corone,Anthus trivialis,GLOBI,,
Corvus corone,Anatidae,GLOBI,,
Corvus corone,Lagopus muta,GLOBI,,
Corvus corax,Turdus viscivorus,GLOBI,,
Corvus corax,Oxyura leucocephala,GLOBI,,
Corvus corax,Columba,GLOBI,,
Corvus corax,Spatula querquedula,GLOBI,,
Corvus corax,Clangula hyemalis,GLOBI,,
Corvus corax,Anatidae,GLOBI,,
Corvus corax,Gallinula chloropus,GLOBI,,
Corvus corone,Oxyura leucocephala,GLOBI,,
Corvus corone,Phylloscopus trochilus,GLOBI,,
Corvus corax,Sylvia atricapilla,GLOBI,,
Corvus corax,Anthus trivialis,GLOBI,,
Corvus corax,Tringa nebularia,GLOBI,,
Corvus corax,Branta leucopsis,GLOBI,,
Corvus corax,Anatidae,GLOBI,,
Corvus corax,Tadorna tadorna,GLOBI,,
Corvus corax,Anatidae,GLOBI,,
Corvus corone,Netta rufina,GLOBI,,
Corvus corone,Accipiter nisus,GLOBI,,
Corvus corone,Talpa europaea,GLOBI,,
Corvus corax,Cygnus olor,GLOBI,,
Corvus corax,Actitis hypoleucos,GLOBI,,
Corvus corone,Garrulus glandarius,GLOBI,,
Corvus corone,Cygnus cygnus,GLOBI,,
Corvus corone,Oryctolagus cuniculus,GLOBI,,
Corvus corax,Mergus serrator,GLOBI,,
Corvus corone,Branta bernicla,GLOBI,,
Corvus corone,Lepus timidus,GLOBI,,
Corvus corone,Columba,GLOBI,,
Corvus corone,Arvicola amphibius,GLOBI,,
Corvus corone,Sciurus vulgaris,GLOBI,,
Garrulus glandarius,Pyrrhula pyrrhula,GLOBI,,
Garrulus glandarius,Myodes glareolus,GLOBI,,
Garrulus glandarius,Lophophanes cristatus,GLOBI,,
Garrulus glandarius,Troglodytes troglodytes,GLOBI,,
Garrulus glandarius,Parus major,GLOBI,,
Garrulus glandarius,Sorex minutus,GLOBI,,
Garrulus glandarius,Muscicapa striata,GLOBI,,
Garrulus glandarius,Passer domesticus,GLOBI,,
Garrulus glandarius,Columba,GLOBI,,
Garrulus glandarius,Loxia curvirostra,GLOBI,,
Garrulus glandarius,Neomys fodiens,GLOBI,,
Garrulus glandarius,Sorex araneus,GLOBI,,
Garrulus glandarius,Erithacus rubecula,GLOBI,,
Garrulus glandarius,Phylloscopus trochilus,GLOBI,,
Garrulus glandarius,Carduelis carduelis,GLOBI,,
Garrulus glandarius,Periparus ater,GLOBI,,
Garrulus glandarius,Sciurus vulgaris,GLOBI,,
Garrulus glandarius,Microtus agrestis,GLOBI,,
Garrulus glandarius,Regulus regulus,GLOBI,,
Garrulus glandarius,Cyanistes caeruleus,GLOBI,,
Garrulus glandarius,Phasianidae,GLOBI,,
Garrulus glandarius,Columba,GLOBI,,
Garrulus glandarius,Bufo bufo,GLOBI,,
Garrulus glandarius,Arvicola amphibius,GLOBI,,
Garrulus glandarius,Lissotriton helveticus,GLOBI,,
Garrulus glandarius,Turdus viscivorus,GLOBI,,
Garrulus glandarius,Columba,GLOBI,,
Garrulus glandarius,Accipiter nisus,GLOBI,,
Garrulus glandarius,Spinus spinus,GLOBI,,
Garrulus glandarius,Rana temporaria,GLOBI,,
Garrulus glandarius,Cuculus canorus,GLOBI,,
Turdus merula,Motacilla alba,GLOBI,,
Turdus merula,Anthus pratensis,GLOBI,,
Turdus merula,Prunella modularis,GLOBI,,
Turdus viscivorus,Prunella modularis,GLOBI,,
Parus major,Pipistrellus pygmaeus,GLOBI,,
Turdus merula,Troglodytes troglodytes,GLOBI,,
Parus major,Pipistrellus pipistrellus,GLOBI,,
Turdus merula,Sylvia atricapilla,GLOBI,,
Turdus merula,Erithacus rubecula,GLOBI,,
Strix aluco,Sorex minutus,GLOBI,,
Dendrocopos major,Garrulus glandarius,GLOBI,,
Strix aluco,Dendrocopos major,GLOBI,,
Strix aluco,Certhia familiaris,GLOBI,,
Strix aluco,Saxicola rubetra,GLOBI,,
Strix aluco,Arvicola amphibius,GLOBI,,
Motacilla cinerea,Rana temporaria,GLOBI,,
Strix aluco,Regulus regulus,GLOBI,,
Strix aluco,Cuculus canorus,GLOBI,,
Strix aluco,Carduelis carduelis,GLOBI,,
Strix aluco,Aythya,GLOBI,,
Dendrocopos major,Cyanistes caeruleus,GLOBI,,
Dendrocopos major,Sitta europaea,GLOBI,,
Motacilla cinerea,Bufo bufo,GLOBI,,
Strix aluco,Oxyura leucocephala,GLOBI,,
Strix aluco,Netta rufina,GLOBI,,
Strix aluco,Anatidae,GLOBI,,
Dendrocopos major,Parus major,GLOBI,,
Strix aluco,Plectrophenax nivalis,GLOBI,,
Strix aluco,Mergus serrator,GLOBI,,
Strix aluco,Anatidae,GLOBI,,
Strix aluco,Erithacus rubecula,GLOBI,,
Strix aluco,Pluvialis apricaria,GLOBI,,
Dendrocopos major,Periparus ater,GLOBI,,
Strix aluco,Actitis hypoleucos,GLOBI,,
Strix aluco,Pyrrhula pyrrhula,GLOBI,,
Dendrocopos major,Passer domesticus,GLOBI,,
Strix aluco,Aythya,GLOBI,,
Strix aluco,Sitta europaea,GLOBI,,
Strix aluco,Tachybaptus ruficollis,GLOBI,,
Strix aluco,Melanitta nigra,GLOBI,,
Strix aluco,Pipistrellus pygmaeus,GLOBI,,
Strix aluco,Mergellus albellus,GLOBI,,
Strix aluco,Columba,GLOBI,,
Dendrocopos major,Lophophanes cristatus,GLOBI,,
Strix aluco,Anthus pratensis,GLOBI,,
Strix aluco,Motacilla alba,GLOBI,,
Strix aluco,Anatidae,GLOBI,,
Dendrocopos major,Troglodytes troglodytes,GLOBI,,
Strix aluco,Tadorna ferruginea,GLOBI,,
Strix aluco,Aegithalos caudatus,GLOBI,,
Strix aluco,Spatula querquedula,GLOBI,,
Strix aluco,Bucephala clangula,GLOBI,,
Strix aluco,Tringa nebularia,GLOBI,,
Strix aluco,Haematopus ostralegus,GLOBI,,
Dendrocopos major,Erithacus rubecula,GLOBI,,
Strix aluco,Phasianidae,GLOBI,,
Strix aluco,Loxia curvirostra,GLOBI,,
Strix aluco,Mergus merganser,GLOBI,,
Strix aluco,Garrulus glandarius,GLOBI,,
Strix aluco,Tadorna tadorna,GLOBI,,
Dendrocopos major,Aegithalos caudatus,GLOBI,,
Strix aluco,Marmaronetta angustirostris,GLOBI,,
Strix aluco,Myodes glareolus,GLOBI,,
Strix aluco,Periparus ater,GLOBI,,
Strix aluco,Troglodytes troglodytes,GLOBI,,
Strix aluco,Lepus timidus,GLOBI,,
Strix aluco,Sorex araneus,GLOBI,,
Strix aluco,Somateria mollissima,GLOBI,,
Strix aluco,Anthus trivialis,GLOBI,,
Strix aluco,Accipiter nisus,GLOBI,,
Strix aluco,Gallinula chloropus,GLOBI,,
Strix aluco,Bucephala islandica,GLOBI,,
Strix aluco,Phylloscopus trochilus,GLOBI,,
Strix aluco,Columba,GLOBI,,
Dendrocopos major,Columba,GLOBI,,
Strix aluco,Turdus philomelos,GLOBI,,
Strix aluco,Lissotriton helveticus,GLOBI,,
Strix aluco,Fulica atra,GLOBI,,
Strix aluco,Turdus viscivorus,GLOBI,,
Strix aluco,Motacilla cinerea,GLOBI,,
Strix aluco,Rana temporaria,GLOBI,,
Strix aluco,Lagopus muta,GLOBI,,
Dendrocopos major,Muscicapa striata,GLOBI,,
Strix aluco,Parus major,GLOBI,,
Strix aluco,Microtus agrestis,GLOBI,,
Strix aluco,Prunella modularis,GLOBI,,
Strix aluco,Anatidae,GLOBI,,
Strix aluco,Corvus corone,GLOBI,,
Strix aluco,Neomys fodiens,GLOBI,,
Strix aluco,Fringilla coelebs,GLOBI,,
Strix aluco,Lophophanes cristatus,GLOBI,,
Strix aluco,Scolopax rusticola,GLOBI,,
Strix aluco,Cyanistes caeruleus,GLOBI,,
Strix aluco,Numenius arquata,GLOBI,,
Strix aluco,Columba,GLOBI,,
Strix aluco,Turdus merula,GLOBI,,
Strix aluco,Spinus spinus,GLOBI,,
Strix aluco,Talpa europaea,GLOBI,,
Strix aluco,Muscicapa striata,GLOBI,,
Strix aluco,Myotis daubentonii,GLOBI,,
Strix aluco,Passer domesticus,GLOBI,,
Strix aluco,Pipistrellus pipistrellus,GLOBI,,
Strix aluco,Buteo buteo,GLOBI,,
Strix aluco,Oryctolagus cuniculus,GLOBI,,
Strix aluco,Sciurus vulgaris,GLOBI,,
Cuculus canorus,Erithacus rubecula,GLOBI,,
Cuculus canorus,Muscicapa striata,GLOBI,,
Cuculus canorus,Sylvia atricapilla,GLOBI,,
Cuculus canorus,Prunella modularis,GLOBI,,
Cuculus canorus,Bufo bufo,GLOBI,,
Strix aluco,Bufo bufo,GLOBI,,
Numenius arquata,Myodes glareolus,GLOBI,,
Numenius arquata,Microtus agrestis,GLOBI,,
Numenius arquata,Arvicola amphibius,GLOBI,,
Numenius arquata,Rana temporaria,GLOBI,,
Numenius arquata,Motacilla alba,GLOBI,,
Numenius arquata,Pluvialis apricaria,GLOBI,,
Numenius arquata,Motacilla cinerea,GLOBI,,
Tringa nebularia,Arvicola amphibius,GLOBI,,
Numenius arquata,Neomys fodiens,GLOBI,,
Numenius arquata,Haematopus ostralegus,GLOBI,,
Numenius arquata,Tringa nebularia,GLOBI,,
Actitis hypoleucos,Rana temporaria,GLOBI,,
Numenius arquata,Actitis hypoleucos,GLOBI,,
Phasianidae,Neomys fodiens,GLOBI,,
Phasianidae,Microtus agrestis,GLOBI,,
Gallinula chloropus,Rana temporaria,GLOBI,,
Phasianidae,Rana temporaria,GLOBI,,
Numenius arquata,Bufo bufo,GLOBI,,
Phasianidae,Bufo bufo,GLOBI,,
Fulica atra,Arvicola amphibius,GLOBI,,
Phasianidae,Myodes glareolus,GLOBI,,
Fulica atra,Neomys fodiens,GLOBI,,
Phasianidae,Arvicola amphibius,GLOBI,,
Phasianidae,Sorex araneus,GLOBI,,
Phasianidae,Sorex minutus,GLOBI,,
Gallinula chloropus,Bufo bufo,GLOBI,,
Accipiter nisus,Sciurus vulgaris,GLOBI,,
Accipiter nisus,Microtus agrestis,GLOBI,,
Buteo buteo,Turdus viscivorus,GLOBI,,
Buteo buteo,Garrulus glandarius,GLOBI,,
Buteo buteo,Sorex minutus,GLOBI,,
Accipiter nisus,Anthus trivialis,GLOBI,,
Accipiter nisus,Anthus pratensis,GLOBI,,
Buteo buteo,Columba,GLOBI,,
Buteo buteo,Sciurus vulgaris,GLOBI,,
Buteo buteo,Lophophanes cristatus,GLOBI,,
Mergus serrator,Neomys fodiens,GLOBI,,
Buteo buteo,Plectrophenax nivalis,GLOBI,,
Buteo buteo,Lepus timidus,GLOBI,,
Accipiter nisus,Muscicapa striata,GLOBI,,
Buteo buteo,Parus major,GLOBI,,
Mergellus albellus,Rana temporaria,GLOBI,,
Buteo buteo,Oryctolagus cuniculus,GLOBI,,
Accipiter nisus,Columba,GLOBI,,
Accipiter nisus,Myodes glareolus,GLOBI,,
Mergus merganser,Rana temporaria,GLOBI,,
Buteo buteo,Columba,GLOBI,,
Buteo buteo,Fringilla coelebs,GLOBI,,
Buteo buteo,Dendrocopos major,GLOBI,,
Buteo buteo,Microtus agrestis,GLOBI,,
Buteo buteo,Pyrrhula pyrrhula,GLOBI,,
Buteo buteo,Corvus corone,GLOBI,,
Buteo buteo,Columba,GLOBI,,
Buteo buteo,Bufo bufo,GLOBI,,
Accipiter nisus,Talpa europaea,GLOBI,,
Buteo buteo,Carduelis carduelis,GLOBI,,
Accipiter nisus,Phylloscopus trochilus,GLOBI,,
Accipiter nisus,Oryctolagus cuniculus,GLOBI,,
Accipiter nisus,Phasianidae,GLOBI,,
Mergus serrator,Rana temporaria,GLOBI,,
Buteo buteo,Periparus ater,GLOBI,,
Accipiter nisus,Plectrophenax nivalis,GLOBI,,
Accipiter nisus,Lophophanes cristatus,GLOBI,,
Buteo buteo,Myodes glareolus,GLOBI,,
Accipiter nisus,Certhia familiaris,GLOBI,,
Buteo buteo,Sorex araneus,GLOBI,,
Buteo buteo,Cyanistes caeruleus,GLOBI,,
Buteo buteo,Phasianidae,GLOBI,,
Buteo buteo,Talpa europaea,GLOBI,,
Buteo buteo,Spinus spinus,GLOBI,,
Accipiter nisus,Sorex minutus,GLOBI,,
Accipiter nisus,Sorex araneus,GLOBI,,
Mergus merganser,Neomys fodiens,GLOBI,,
Buteo buteo,Arvicola amphibius,GLOBI,,
Buteo buteo,Loxia curvirostra,GLOBI,,
Bucephala clangula,Bufo bufo,GLOBI,,
Anas platyrhynchos,Lissotriton helveticus,GLOBI,,
Aythya nyroca,Rana temporaria,GLOBI,,
Anas,Lissotriton helveticus,GLOBI,,
Cygnus olor,Bufo bufo,GLOBI,,
Bucephala clangula,Rana temporaria,GLOBI,,
Netta rufina,Lissotriton helveticus,GLOBI,,
Anas,Bufo bufo,GLOBI,,
Spatula querquedula,Bufo bufo,GLOBI,,
Aythya nyroca,Lissotriton helveticus,GLOBI,,
Netta rufina,Bufo bufo,GLOBI,,
Tadorna ferruginea,Lissotriton helveticus,GLOBI,,
Cygnus olor,Rana temporaria,GLOBI,,
Spatula querquedula,Rana temporaria,GLOBI,,
Anas platyrhynchos,Rana temporaria,GLOBI,,
Mergellus albellus,Bufo bufo,GLOBI,,
Aythya ferina,Rana temporaria,GLOBI,,
Aythya ferina,Bufo bufo,GLOBI,,
Anas acuta,Bufo bufo,GLOBI,,
Aythya ferina,Lissotriton helveticus,GLOBI,,
Tadorna ferruginea,Bufo bufo,GLOBI,,
Anas,Rana temporaria,GLOBI,,
Tadorna ferruginea,Rana temporaria,GLOBI,,
Netta rufina,Rana temporaria,GLOBI,,
Anas platyrhynchos,Bufo bufo,GLOBI,,
Anas acuta,Rana temporaria,GLOBI,,
Anas acuta,Lissotriton helveticus,GLOBI,,
Aythya nyroca,Bufo bufo,GLOBI,,
Tachybaptus ruficollis,Rana temporaria,GLOBI,,
Corvus corone,Rattus norvegicus,GLOBI,,
Corvus corone,Apodemus sylvaticus,GLOBI,,
Buteo buteo,Fulica atra,GLOBI,,
Buteo buteo,Capreolus capreolus,GLOBI,,
Accipiter nisus,Cuculus canorus,GLOBI,,
Accipiter nisus,Columba,GLOBI,,
Rattus norvegicus,Bufo bufo,GLOBI,,
Vulpes vulpes,Sciurus carolinensis,GLOBI,,
Corvus corone,Columba,GLOBI,,
Motacilla alba,Anatidae,GLOBI,,
Apodemus sylvaticus,Myotis daubentonii,GLOBI,,
Sorex araneus,Myotis daubentonii,GLOBI,,
Corvus corax,Anatidae,GLOBI,,
Corvus corax,Branta canadensis,GLOBI,,
Meles meles,Numenius arquata,GLOBI,,
Meles meles,Oryctolagus cuniculus,GLOBI,,
Meles meles,Phasianidae,GLOBI,,
Meles meles,Plectrophenax nivalis,GLOBI,,
Meles meles,Pluvialis apricaria,GLOBI,,
Meles meles,Rana temporaria,GLOBI,,
Meles meles,Scolopax rusticola,GLOBI,,
Meles meles,Sorex araneus,GLOBI,,
Meles meles,Sorex minutus,GLOBI,,
Meles meles,Talpa europaea,GLOBI,,
Meles meles,Tringa nebularia,GLOBI,,
Accipiter gentilis,Accipiter nisus,Additional data,point count,"Rebollo, S. et al. (2017) ‘Prey preferences and recent changes in diet of a breeding population of the Northern Goshawk Accipiter gentilis in Southwestern Europe’, Bird study: the journal of the British Trust for Ornithology, 64, pp. 464–475."
Accipiter gentilis,Caprimulgus europaeus,Additional data,point count,"Rebollo, S. et al. (2017) ‘Prey preferences and recent changes in diet of a breeding population of the Northern Goshawk Accipiter gentilis in Southwestern Europe’, Bird study: the journal of the British Trust for Ornithology, 64, pp. 464–475."
Accipiter gentilis,Columba,Additional data,point count,"Rebollo, S. et al. (2017) ‘Prey preferences and recent changes in diet of a breeding population of the Northern Goshawk Accipiter gentilis in Southwestern Europe’, Bird study: the journal of the British Trust for Ornithology, 64, pp. 464–475."
Accipiter gentilis,Columba,Additional data,point count,"Rebollo, S. et al. (2017) ‘Prey preferences and recent changes in diet of a breeding population of the Northern Goshawk Accipiter gentilis in Southwestern Europe’, Bird study: the journal of the British Trust for Ornithology, 64, pp. 464–475."
Accipiter gentilis,Corvus corone,Additional data,point count,"Rebollo, S. et al. (2017) ‘Prey preferences and recent changes in diet of a breeding population of the Northern Goshawk Accipiter gentilis in Southwestern Europe’, Bird study: the journal of the British Trust for Ornithology, 64, pp. 464–475."
Accipiter gentilis,Coturnix coturnix,Additional data,point count,"Rebollo, S. et al. (2017) ‘Prey preferences and recent changes in diet of a breeding population of the Northern Goshawk Accipiter gentilis in Southwestern Europe’, Bird study: the journal of the British Trust for Ornithology, 64, pp. 464–475."
Accipiter gentilis,Cuculus canorus,Additional data,point count,"Rebollo, S. et al. (2017) ‘Prey preferences and recent changes in diet of a breeding population of the Northern Goshawk Accipiter gentilis in Southwestern Europe’, Bird study: the journal of the British Trust for Ornithology, 64, pp. 464–475."
Accipiter gentilis,Dendrocopus major,Additional data,point count,"Rebollo, S. et al. (2017) ‘Prey preferences and recent changes in diet of a breeding population of the Northern Goshawk Accipiter gentilis in Southwestern Europe’, Bird study: the journal of the British Trust for Ornithology, 64, pp. 464–475."
Accipiter gentilis,Erinaceus europaeus,Additional data,point count,"Rebollo, S. et al. (2017) ‘Prey preferences and recent changes in diet of a breeding population of the Northern Goshawk Accipiter gentilis in Southwestern Europe’, Bird study: the journal of the British Trust for Ornithology, 64, pp. 464–475."
Accipiter gentilis,Gallus gallus,Additional data,point count,"Rebollo, S. et al. (2017) ‘Prey preferences and recent changes in diet of a breeding population of the Northern Goshawk Accipiter gentilis in Southwestern Europe’, Bird study: the journal of the British Trust for Ornithology, 64, pp. 464–475."
Accipiter gentilis,Garrulus glandarius,Additional data,point count,"Rebollo, S. et al. (2017) ‘Prey preferences and recent changes in diet of a breeding population of the Northern Goshawk Accipiter gentilis in Southwestern Europe’, Bird study: the journal of the British Trust for Ornithology, 64, pp. 464–475."
Accipiter gentilis,Haematopus ostralegus,Additional data,,https://datadryad.org/stash/dataset/doi:10.5061/dryad.jm63xsj7b
Accipiter gentilis,Larus michahellis,Additional data,point count,"Rebollo, S. et al. (2017) ‘Prey preferences and recent changes in diet of a breeding population of the Northern Goshawk Accipiter gentilis in Southwestern Europe’, Bird study: the journal of the British Trust for Ornithology, 64, pp. 464–475."
Accipiter gentilis,Mustela nivalis,Additional data,point count,"Rebollo, S. et al. (2017) ‘Prey preferences and recent changes in diet of a breeding population of the Northern Goshawk Accipiter gentilis in Southwestern Europe’, Bird study: the journal of the British Trust for Ornithology, 64, pp. 464–475."
Accipiter gentilis,Neovison vison,Additional data,point count,"Rebollo, S. et al. (2017) ‘Prey preferences and recent changes in diet of a breeding population of the Northern Goshawk Accipiter gentilis in Southwestern Europe’, Bird study: the journal of the British Trust for Ornithology, 64, pp. 464–475."
Accipiter gentilis,Oryctolagus cuniculus,Additional data,point count,"Rebollo, S. et al. (2017) ‘Prey preferences and recent changes in diet of a breeding population of the Northern Goshawk Accipiter gentilis in Southwestern Europe’, Bird study: the journal of the British Trust for Ornithology, 64, pp. 464–475."
Accipiter gentilis,Pica pica,Additional data,point count,"Rebollo, S. et al. (2017) ‘Prey preferences and recent changes in diet of a breeding population of the Northern Goshawk Accipiter gentilis in Southwestern Europe’, Bird study: the journal of the British Trust for Ornithology, 64, pp. 464–475."
Accipiter gentilis,Picus viridis,Additional data,point count,"Rebollo, S. et al. (2017) ‘Prey preferences and recent changes in diet of a breeding population of the Northern Goshawk Accipiter gentilis in Southwestern Europe’, Bird study: the journal of the British Trust for Ornithology, 64, pp. 464–475."
Accipiter gentilis,Pluvialis apricaria,Additional data,,https://datadryad.org/stash/dataset/doi:10.5061/dryad.jm63xsj7b
Accipiter gentilis,Rattus norvegicus,Additional data,point count,"Rebollo, S. et al. (2017) ‘Prey preferences and recent changes in diet of a breeding population of the Northern Goshawk Accipiter gentilis in Southwestern Europe’, Bird study: the journal of the British Trust for Ornithology, 64, pp. 464–475."
Accipiter gentilis,Sciurus vulgaris,Additional data,point count,"Rebollo, S. et al. (2017) ‘Prey preferences and recent changes in diet of a breeding population of the Northern Goshawk Accipiter gentilis in Southwestern Europe’, Bird study: the journal of the British Trust for Ornithology, 64, pp. 464–475."
Accipiter gentilis,Scolopax rusticola,Additional data,,"https://birdfact.com/birds/woodcock#:~:text=An%20estimated%20160%2C000%20woodcock%20are,find%20in%20a%20butcher's%20shop."
Accipiter gentilis,Streptopelia decaocto,Additional data,point count,"Rebollo, S. et al. (2017) ‘Prey preferences and recent changes in diet of a breeding population of the Northern Goshawk Accipiter gentilis in Southwestern Europe’, Bird study: the journal of the British Trust for Ornithology, 64, pp. 464–475."
Accipiter gentilis,Streptopelia turtur,Additional data,point count,"Rebollo, S. et al. (2017) ‘Prey preferences and recent changes in diet of a breeding population of the Northern Goshawk Accipiter gentilis in Southwestern Europe’, Bird study: the journal of the British Trust for Ornithology, 64, pp. 464–475."
Accipiter gentilis,Strix aluco,Additional data,point count,"Rebollo, S. et al. (2017) ‘Prey preferences and recent changes in diet of a breeding population of the Northern Goshawk Accipiter gentilis in Southwestern Europe’, Bird study: the journal of the British Trust for Ornithology, 64, pp. 464–475."
Accipiter gentilis,Sturnus unicolor,Additional data,point count,"Rebollo, S. et al. (2017) ‘Prey preferences and recent changes in diet of a breeding population of the Northern Goshawk Accipiter gentilis in Southwestern Europe’, Bird study: the journal of the British Trust for Ornithology, 64, pp. 464–475."
Accipiter gentilis,Talpa europaea,Additional data,point count,"Rebollo, S. et al. (2017) ‘Prey preferences and recent changes in diet of a breeding population of the Northern Goshawk Accipiter gentilis in Southwestern Europe’, Bird study: the journal of the British Trust for Ornithology, 64, pp. 464–475."
Accipiter gentilis,Turdus merula,Additional data,point count,"Rebollo, S. et al. (2017) ‘Prey preferences and recent changes in diet of a breeding population of the Northern Goshawk Accipiter gentilis in Southwestern Europe’, Bird study: the journal of the British Trust for Ornithology, 64, pp. 464–475."
Accipiter gentilis,Turdus philomelos,Additional data,point count,"Rebollo, S. et al. (2017) ‘Prey preferences and recent changes in diet of a breeding population of the Northern Goshawk Accipiter gentilis in Southwestern Europe’, Bird study: the journal of the British Trust for Ornithology, 64, pp. 464–475."
Accipiter nisus,Acanthis cabaret,Additional data,,"https://birdfact.com/birds/lesser-redpoll#:~:text=Lesser%20Redpolls%20are%20preyed%20upon,threat%2C%20especially%20in%20garden%20environments."
Accipiter nisus,Alauda arvensis,Additional data,web-sourced photographs,Panter C.T. & Amar A. 2021. Sex and age differences in the diet of the Eurasian sparrowhawk (Accipiter nisus) using web-sourced photographs: exploring the feasibility of a new citizen science approach. Ibis 163: 928–947. 
Accipiter nisus,Alectoris rufa,Additional data,web-sourced photographs,Panter C.T. & Amar A. 2021. Sex and age differences in the diet of the Eurasian sparrowhawk (Accipiter nisus) using web-sourced photographs: exploring the feasibility of a new citizen science approach. Ibis 163: 928–947. 
Accipiter nisus,Anthus pratensis,Additional data,,https://datadryad.org/stash/dataset/doi:10.5061/dryad.jm63xsj7b
Accipiter nisus,Anthus trivialis,Additional data,,https://datadryad.org/stash/dataset/doi:10.5061/dryad.jm63xsj7b
Accipiter nisus,Apodemus sylvaticus,Additional data,,https://datadryad.org/stash/dataset/doi:10.5061/dryad.jm63xsj7b
Accipiter nisus,Arenaria interpres,Additional data,web-sourced photographs,Panter C.T. & Amar A. 2021. Sex and age differences in the diet of the Eurasian sparrowhawk (Accipiter nisus) using web-sourced photographs: exploring the feasibility of a new citizen science approach. Ibis 163: 928–947. 
Accipiter nisus,Caeruleus caeruleus,Additional data,web-sourced photographs,Panter C.T. & Amar A. 2021. Sex and age differences in the diet of the Eurasian sparrowhawk (Accipiter nisus) using web-sourced photographs: exploring the feasibility of a new citizen science approach. Ibis 163: 928–947. 
Accipiter nisus,Calidris alpina,Additional data,web-sourced photographs,Panter C.T. & Amar A. 2021. Sex and age differences in the diet of the Eurasian sparrowhawk (Accipiter nisus) using web-sourced photographs: exploring the feasibility of a new citizen science approach. Ibis 163: 928–947. 
Accipiter nisus,Calidris maritima,Additional data,web-sourced photographs,Panter C.T. & Amar A. 2021. Sex and age differences in the diet of the Eurasian sparrowhawk (Accipiter nisus) using web-sourced photographs: exploring the feasibility of a new citizen science approach. Ibis 163: 928–947. 
Accipiter nisus,Cardeulis cardeulis,Additional data,web-sourced photographs,Panter C.T. & Amar A. 2021. Sex and age differences in the diet of the Eurasian sparrowhawk (Accipiter nisus) using web-sourced photographs: exploring the feasibility of a new citizen science approach. Ibis 163: 928–947. 
Accipiter nisus,Certhia familiaris,Additional data,,https://datadryad.org/stash/dataset/doi:10.5061/dryad.jm63xsj7b
Accipiter nisus,Charadrius hiaticula,Additional data,web-sourced photographs,Panter C.T. & Amar A. 2021. Sex and age differences in the diet of the Eurasian sparrowhawk (Accipiter nisus) using web-sourced photographs: exploring the feasibility of a new citizen science approach. Ibis 163: 928–947. 
Accipiter nisus,Chloris chloris,Additional data,web-sourced photographs,Panter C.T. & Amar A. 2021. Sex and age differences in the diet of the Eurasian sparrowhawk (Accipiter nisus) using web-sourced photographs: exploring the feasibility of a new citizen science approach. Ibis 163: 928–947. 
Accipiter nisus,Cinclus cinclus,Additional data,,https://birdfact.com/birds/dipper?utm_source=chatgpt.com
Accipiter nisus,Coccothraustes coccothraustes,Additional data,web-sourced photographs,Panter C.T. & Amar A. 2021. Sex and age differences in the diet of the Eurasian sparrowhawk (Accipiter nisus) using web-sourced photographs: exploring the feasibility of a new citizen science approach. Ibis 163: 928–947. 
Accipiter nisus,Coloeus monedula,Additional data,web-sourced photographs,Panter C.T. & Amar A. 2021. Sex and age differences in the diet of the Eurasian sparrowhawk (Accipiter nisus) using web-sourced photographs: exploring the feasibility of a new citizen science approach. Ibis 163: 928–947. 
Accipiter nisus,Columba,Additional data,web-sourced photographs,Panter C.T. & Amar A. 2021. Sex and age differences in the diet of the Eurasian sparrowhawk (Accipiter nisus) using web-sourced photographs: exploring the feasibility of a new citizen science approach. Ibis 163: 928–947. 
Accipiter nisus,Columba,Additional data,web-sourced photographs,Panter C.T. & Amar A. 2021. Sex and age differences in the diet of the Eurasian sparrowhawk (Accipiter nisus) using web-sourced photographs: exploring the feasibility of a new citizen science approach. Ibis 163: 928–947. 
Accipiter nisus,Columba,Additional data,web-sourced photographs,Panter C.T. & Amar A. 2021. Sex and age differences in the diet of the Eurasian sparrowhawk (Accipiter nisus) using web-sourced photographs: exploring the feasibility of a new citizen science approach. Ibis 163: 928–947. 
Accipiter nisus,Corvus corone,Additional data,web-sourced photographs,Panter C.T. & Amar A. 2021. Sex and age differences in the diet of the Eurasian sparrowhawk (Accipiter nisus) using web-sourced photographs: exploring the feasibility of a new citizen science approach. Ibis 163: 928–947. 
Accipiter nisus,Curruca communis,Additional data,,https://birdfact.com/birds/whitethroat
Accipiter nisus,Dendrocopus major,Additional data,web-sourced photographs,Panter C.T. & Amar A. 2021. Sex and age differences in the diet of the Eurasian sparrowhawk (Accipiter nisus) using web-sourced photographs: exploring the feasibility of a new citizen science approach. Ibis 163: 928–947. 
Accipiter nisus,Emberiza schoeniclus,Additional data,web-sourced photographs,Panter C.T. & Amar A. 2021. Sex and age differences in the diet of the Eurasian sparrowhawk (Accipiter nisus) using web-sourced photographs: exploring the feasibility of a new citizen science approach. Ibis 163: 928–947. 
Accipiter nisus,Erithacus rubecula,Additional data,web-sourced photographs,Panter C.T. & Amar A. 2021. Sex and age differences in the diet of the Eurasian sparrowhawk (Accipiter nisus) using web-sourced photographs: exploring the feasibility of a new citizen science approach. Ibis 163: 928–947. 
Accipiter nisus,Fringilla coelebs,Additional data,web-sourced photographs,Panter C.T. & Amar A. 2021. Sex and age differences in the diet of the Eurasian sparrowhawk (Accipiter nisus) using web-sourced photographs: exploring the feasibility of a new citizen science approach. Ibis 163: 928–947. 
Accipiter nisus,Gallinago gallinago,Additional data,web-sourced photographs,Panter C.T. & Amar A. 2021. Sex and age differences in the diet of the Eurasian sparrowhawk (Accipiter nisus) using web-sourced photographs: exploring the feasibility of a new citizen science approach. Ibis 163: 928–947. 
Accipiter nisus,Hirundo rustica,Additional data,web-sourced photographs,Panter C.T. & Amar A. 2021. Sex and age differences in the diet of the Eurasian sparrowhawk (Accipiter nisus) using web-sourced photographs: exploring the feasibility of a new citizen science approach. Ibis 163: 928–947. 
Accipiter nisus,Loxia curvirostra,Additional data,,https://datadryad.org/stash/dataset/doi:10.5061/dryad.jm63xsj7b
Accipiter nisus,Oryctolagus cuniculus,Additional data,web-sourced photographs,Panter C.T. & Amar A. 2021. Sex and age differences in the diet of the Eurasian sparrowhawk (Accipiter nisus) using web-sourced photographs: exploring the feasibility of a new citizen science approach. Ibis 163: 928–947. 
Accipiter nisus,Parus major,Additional data,web-sourced photographs,Panter C.T. & Amar A. 2021. Sex and age differences in the diet of the Eurasian sparrowhawk (Accipiter nisus) using web-sourced photographs: exploring the feasibility of a new citizen science approach. Ibis 163: 928–947. 
Accipiter nisus,Passer domesticus,Additional data,web-sourced photographs,Panter C.T. & Amar A. 2021. Sex and age differences in the diet of the Eurasian sparrowhawk (Accipiter nisus) using web-sourced photographs: exploring the feasibility of a new citizen science approach. Ibis 163: 928–947. 
Accipiter nisus,Perdix perdix,Additional data,web-sourced photographs,Panter C.T. & Amar A. 2021. Sex and age differences in the diet of the Eurasian sparrowhawk (Accipiter nisus) using web-sourced photographs: exploring the feasibility of a new citizen science approach. Ibis 163: 928–947. 
Accipiter nisus,Periparus ater,Additional data,web-sourced photographs,Panter C.T. & Amar A. 2021. Sex and age differences in the diet of the Eurasian sparrowhawk (Accipiter nisus) using web-sourced photographs: exploring the feasibility of a new citizen science approach. Ibis 163: 928–947. 
Accipiter nisus,Phylloscopus collybita,Additional data,web-sourced photographs,Panter C.T. & Amar A. 2021. Sex and age differences in the diet of the Eurasian sparrowhawk (Accipiter nisus) using web-sourced photographs: exploring the feasibility of a new citizen science approach. Ibis 163: 928–947. 
Accipiter nisus,Phylloscopus trochilus,Additional data,,https://www.tandfonline.com/doi/epdf/10.1080/00063657.2012.669359?needAccess=true
Accipiter nisus,Pica pica,Additional data,web-sourced photographs,Panter C.T. & Amar A. 2021. Sex and age differences in the diet of the Eurasian sparrowhawk (Accipiter nisus) using web-sourced photographs: exploring the feasibility of a new citizen science approach. Ibis 163: 928–947. 
Accipiter nisus,Picus viridis,Additional data,web-sourced photographs,Panter C.T. & Amar A. 2021. Sex and age differences in the diet of the Eurasian sparrowhawk (Accipiter nisus) using web-sourced photographs: exploring the feasibility of a new citizen science approach. Ibis 163: 928–947. 
Accipiter nisus,Plectrophenax nivalis,Additional data,web-sourced photographs,Panter C.T. & Amar A. 2021. Sex and age differences in the diet of the Eurasian sparrowhawk (Accipiter nisus) using web-sourced photographs: exploring the feasibility of a new citizen science approach. Ibis 163: 928–947. 
Accipiter nisus,Prunella modularis,Additional data,web-sourced photographs,Panter C.T. & Amar A. 2021. Sex and age differences in the diet of the Eurasian sparrowhawk (Accipiter nisus) using web-sourced photographs: exploring the feasibility of a new citizen science approach. Ibis 163: 928–947. 
Accipiter nisus,Pyrrhula pyrrhula,Additional data,web-sourced photographs,Panter C.T. & Amar A. 2021. Sex and age differences in the diet of the Eurasian sparrowhawk (Accipiter nisus) using web-sourced photographs: exploring the feasibility of a new citizen science approach. Ibis 163: 928–947. 
Accipiter nisus,Regulus regulus,Additional data,web-sourced photographs,Panter C.T. & Amar A. 2021. Sex and age differences in the diet of the Eurasian sparrowhawk (Accipiter nisus) using web-sourced photographs: exploring the feasibility of a new citizen science approach. Ibis 163: 928–947. 
Accipiter nisus,Riparia riparia,Additional data,web-sourced photographs,Panter C.T. & Amar A. 2021. Sex and age differences in the diet of the Eurasian sparrowhawk (Accipiter nisus) using web-sourced photographs: exploring the feasibility of a new citizen science approach. Ibis 163: 928–947. 
Accipiter nisus,Saxicola rubetra,Additional data,,https://datadryad.org/stash/dataset/doi:10.5061/dryad.jm63xsj7b
Accipiter nisus,Spinus spinus,Additional data,web-sourced photographs,Panter C.T. & Amar A. 2021. Sex and age differences in the diet of the Eurasian sparrowhawk (Accipiter nisus) using web-sourced photographs: exploring the feasibility of a new citizen science approach. Ibis 163: 928–947. 
Accipiter nisus,Streptopelia decaocto,Additional data,web-sourced photographs,Panter C.T. & Amar A. 2021. Sex and age differences in the diet of the Eurasian sparrowhawk (Accipiter nisus) using web-sourced photographs: exploring the feasibility of a new citizen science approach. Ibis 163: 928–947. 
Accipiter nisus,Sturnus vulgaris,Additional data,web-sourced photographs,Panter C.T. & Amar A. 2021. Sex and age differences in the diet of the Eurasian sparrowhawk (Accipiter nisus) using web-sourced photographs: exploring the feasibility of a new citizen science approach. Ibis 163: 928–947. 
Accipiter nisus,Sylvia borin,Additional data,web-sourced photographs,Panter C.T. & Amar A. 2021. Sex and age differences in the diet of the Eurasian sparrowhawk (Accipiter nisus) using web-sourced photographs: exploring the feasibility of a new citizen science approach. Ibis 163: 928–947. 
Accipiter nisus,Turdus iliacus,Additional data,web-sourced photographs,Panter C.T. & Amar A. 2021. Sex and age differences in the diet of the Eurasian sparrowhawk (Accipiter nisus) using web-sourced photographs: exploring the feasibility of a new citizen science approach. Ibis 163: 928–947. 
Accipiter nisus,Turdus merula,Additional data,web-sourced photographs,Panter C.T. & Amar A. 2021. Sex and age differences in the diet of the Eurasian sparrowhawk (Accipiter nisus) using web-sourced photographs: exploring the feasibility of a new citizen science approach. Ibis 163: 928–947. 
Accipiter nisus,Turdus philomelos,Additional data,web-sourced photographs,Panter C.T. & Amar A. 2021. Sex and age differences in the diet of the Eurasian sparrowhawk (Accipiter nisus) using web-sourced photographs: exploring the feasibility of a new citizen science approach. Ibis 163: 928–947. 
Accipiter nisus,Turdus pilaris,Additional data,web-sourced photographs,Panter C.T. & Amar A. 2021. Sex and age differences in the diet of the Eurasian sparrowhawk (Accipiter nisus) using web-sourced photographs: exploring the feasibility of a new citizen science approach. Ibis 163: 928–947. 
Accipiter nisus,Vanellus vanellus,Additional data,web-sourced photographs,Panter C.T. & Amar A. 2021. Sex and age differences in the diet of the Eurasian sparrowhawk (Accipiter nisus) using web-sourced photographs: exploring the feasibility of a new citizen science approach. Ibis 163: 928–947. 
Buteo buteo,Acanthis cabaret,Additional data,,Evidence of eating Acanthis genus from GLOBI data- European meta web
Buteo buteo,Aegithalos caudatus,Additional data,,Own metabarcoding data
Buteo buteo,Apodemus sylvaticus,Additional data,,https://datadryad.org/stash/dataset/doi:10.5061/dryad.jm63xsj7b
Buteo buteo,Columba,Additional data,Macroscopic diet analysis,"Francksen, R.M. et al. (2016) 'Winter diet of Common Buzzard Buteo buteo on a Scottish grouse moor' Bird Study: 63."
Buteo buteo,Loxia curvirostra,Additional data,,https://datadryad.org/stash/dataset/doi:10.5061/dryad.jm63xsj7b
Buteo buteo,Loxia curvirostra,Additional data,,https://datadryad.org/stash/dataset/doi:10.5061/dryad.jm63xsj7b
Buteo buteo,Microtus agrestis,Additional data,Macroscopic diet analysis,"Francksen, R.M. et al. (2016) 'Winter diet of Common Buzzard Buteo buteo on a Scottish grouse moor' Bird Study: 63."
Buteo buteo,Myodes glareolus,Additional data,Macroscopic diet analysis,"Francksen, R.M. et al. (2016) 'Winter diet of Common Buzzard Buteo buteo on a Scottish grouse moor' Bird Study: 63."
Buteo buteo,Oryctolagus cuniculus,Additional data,Macroscopic diet analysis,"Francksen, R.M. et al. (2016) 'Winter diet of Common Buzzard Buteo buteo on a Scottish grouse moor' Bird Study: 63."
Buteo buteo,Phasianidae,Additional data,Macroscopic diet analysis,"Francksen, R.M. et al. (2016) 'Winter diet of Common Buzzard Buteo buteo on a Scottish grouse moor' Bird Study: 63."
Buteo buteo,Phylloscopus trochilus,Additional data,,https://www.tandfonline.com/doi/epdf/10.1080/00063657.2012.669359?needAccess=true
Buteo buteo,Sorex araneus,Additional data,Macroscopic diet analysis,"Francksen, R.M. et al. (2016) 'Winter diet of Common Buzzard Buteo buteo on a Scottish grouse moor' Bird Study: 63."
Buteo buteo,Sorex minutus,Additional data,Macroscopic diet analysis,"Francksen, R.M. et al. (2016) 'Winter diet of Common Buzzard Buteo buteo on a Scottish grouse moor' Bird Study: 63."
Buteo buteo,Talpa europaea,Additional data,Macroscopic diet analysis,"Francksen, R.M. et al. (2016) 'Winter diet of Common Buzzard Buteo buteo on a Scottish grouse moor' Bird Study: 63."
Corvus corax,Acanthis cabaret,Additional data,,Evidence of eating Acanthis genus from GLOBI data- European meta web
Corvus corax,Anthus pratensis,Additional data,,https://datadryad.org/stash/dataset/doi:10.5061/dryad.jm63xsj7b
Corvus corax,Anthus pratensis,Additional data,,https://datadryad.org/stash/dataset/doi:10.5061/dryad.jm63xsj7b
Corvus corax,Anthus trivialis,Additional data,,https://datadryad.org/stash/dataset/doi:10.5061/dryad.jm63xsj7b
Corvus corax,Anthus trivialis,Additional data,,https://datadryad.org/stash/dataset/doi:10.5061/dryad.jm63xsj7b
Corvus corax,Apodemus sylvaticus,Additional data,Pellet analysis,"M. Marquiss & C. J. Booth (1986) The diet of Ravens Corvus corax in Orkney, Bird Study, 33:3, 190-195, DOI: 10.1080/00063658609476919"
Corvus corax,Apodemus sylvaticus,Additional data,,https://datadryad.org/stash/dataset/doi:10.5061/dryad.jm63xsj7b
Corvus corax,Apodemus sylvaticus,Additional data,,https://datadryad.org/stash/dataset/doi:10.5061/dryad.jm63xsj7b
Corvus corax,Columba,Additional data,Pellet analysis,"M. Marquiss & C. J. Booth (1986) The diet of Ravens Corvus corax in Orkney, Bird Study, 33:3, 190-195, DOI: 10.1080/00063658609476919"
Corvus corax,Haematopus ostralegus,Additional data,,https://datadryad.org/stash/dataset/doi:10.5061/dryad.jm63xsj7b
Corvus corax,Loxia curvirostra,Additional data,,https://datadryad.org/stash/dataset/doi:10.5061/dryad.jm63xsj7b
Corvus corax,Loxia curvirostra,Additional data,,https://datadryad.org/stash/dataset/doi:10.5061/dryad.jm63xsj7b
Corvus corax,Neomys fodiens,Additional data,,https://datadryad.org/stash/dataset/doi:10.5061/dryad.jm63xsj7b
Corvus corax,Neomys fodiens,Additional data,,https://datadryad.org/stash/dataset/doi:10.5061/dryad.jm63xsj7b
Corvus corax,Oryctolagus cuniculus,Additional data,Pellet analysis,"M. Marquiss & C. J. Booth (1986) The diet of Ravens Corvus corax in Orkney, Bird Study, 33:3, 190-195, DOI: 10.1080/00063658609476919"
Corvus corax,Passeriformes,Additional data,Pellet analysis,"M. Marquiss & C. J. Booth (1986) The diet of Ravens Corvus corax in Orkney, Bird Study, 33:3, 190-195, DOI: 10.1080/00063658609476919"
Corvus corax,Pluvialis apricaria,Additional data,,https://datadryad.org/stash/dataset/doi:10.5061/dryad.jm63xsj7b
Corvus corax,Rattus norvegicus,Additional data,Pellet analysis,"M. Marquiss & C. J. Booth (1986) The diet of Ravens Corvus corax in Orkney, Bird Study, 33:3, 190-195, DOI: 10.1080/00063658609476919"
Corvus corax,Saxicola rubetra,Additional data,,https://datadryad.org/stash/dataset/doi:10.5061/dryad.jm63xsj7b
Corvus corax,Saxicola rubetra,Additional data,,https://datadryad.org/stash/dataset/doi:10.5061/dryad.jm63xsj7b
Corvus corone,Acanthis cabaret,Additional data,,Evidence of eating Acanthis genus from GLOBI data- European meta web
Corvus corone,Anthus pratensis,Additional data,,https://datadryad.org/stash/dataset/doi:10.5061/dryad.jm63xsj7b
Corvus corone,Anthus pratensis,Additional data,,https://datadryad.org/stash/dataset/doi:10.5061/dryad.jm63xsj7b
Corvus corone,Anthus trivialis,Additional data,,https://datadryad.org/stash/dataset/doi:10.5061/dryad.jm63xsj7b
Corvus corone,Anthus trivialis,Additional data,,https://datadryad.org/stash/dataset/doi:10.5061/dryad.jm63xsj7b
Corvus corone,Apodemus sylvaticus,Additional data,,https://datadryad.org/stash/dataset/doi:10.5061/dryad.jm63xsj7b
Corvus corone,Apodemus sylvaticus,Additional data,,https://datadryad.org/stash/dataset/doi:10.5061/dryad.jm63xsj7b
Corvus corone,Haematopus ostralegus,Additional data,,https://datadryad.org/stash/dataset/doi:10.5061/dryad.jm63xsj7b
Corvus corone,Loxia curvirostra,Additional data,,https://datadryad.org/stash/dataset/doi:10.5061/dryad.jm63xsj7b
Corvus corone,Loxia curvirostra,Additional data,,https://datadryad.org/stash/dataset/doi:10.5061/dryad.jm63xsj7b
Corvus corone,Neomys fodiens,Additional data,,https://datadryad.org/stash/dataset/doi:10.5061/dryad.jm63xsj7b
Corvus corone,Neomys fodiens,Additional data,,https://datadryad.org/stash/dataset/doi:10.5061/dryad.jm63xsj7b
Corvus corone,Pluvialis apricaria,Additional data,,https://datadryad.org/stash/dataset/doi:10.5061/dryad.jm63xsj7b
Corvus corone,Saxicola rubetra,Additional data,,https://datadryad.org/stash/dataset/doi:10.5061/dryad.jm63xsj7b
Corvus corone,Saxicola rubetra,Additional data,,https://datadryad.org/stash/dataset/doi:10.5061/dryad.jm63xsj7b
Dendrocopos major,Phylloscopus trochilus,Additional data,,https://www.tandfonline.com/doi/epdf/10.1080/00063657.2012.669359?needAccess=true
Dendrocopos major,Sitta europaea,Additional data,,https://datadryad.org/stash/dataset/doi:10.5061/dryad.jm63xsj7b
Fulica atra,Neomys fodiens,Additional data,,https://datadryad.org/stash/dataset/doi:10.5061/dryad.jm63xsj7b
Garrulus glandarius,Acanthis cabaret,Additional data,,Evidence of eating Acanthis genus from GLOBI data- European meta web
Garrulus glandarius,Apodemus sylvaticus,Additional data,,https://datadryad.org/stash/dataset/doi:10.5061/dryad.jm63xsj7b
Garrulus glandarius,Apodemus sylvaticus,Additional data,,https://datadryad.org/stash/dataset/doi:10.5061/dryad.jm63xsj7b
Garrulus glandarius,Curruca communis,Additional data,,https://birdfact.com/birds/whitethroat
Garrulus glandarius,Loxia curvirostra,Additional data,,https://datadryad.org/stash/dataset/doi:10.5061/dryad.jm63xsj7b
Garrulus glandarius,Loxia curvirostra,Additional data,,https://datadryad.org/stash/dataset/doi:10.5061/dryad.jm63xsj7b
Garrulus glandarius,Neomys fodiens,Additional data,,https://datadryad.org/stash/dataset/doi:10.5061/dryad.jm63xsj7b
Garrulus glandarius,Phylloscopus trochilus,Additional data,,https://www.tandfonline.com/doi/epdf/10.1080/00063657.2012.669359?needAccess=true
Martes martes,Acanthis cabaret,Additional data,,Evidence of eating Acanthis genus from GLOBI data- European meta web
Martes martes,Accipiter nisus,Additional data,Scat DNA metabarcoding,"Navarro Waggershauser, 'Lethal and non-lethal interactions and competition in guilds of boreal forest predators' [Unpublished doctoral thesis] (2022)"
Martes martes,Aegithalos caudatus,Additional data,Scat DNA metabarcoding,"Navarro Waggershauser, 'Lethal and non-lethal interactions and competition in guilds of boreal forest predators' [Unpublished doctoral thesis] (2022)"
Martes martes,Apodemus sylvaticus,Additional data,Scat DNA metabarcoding,"Navarro Waggershauser, 'Lethal and non-lethal interactions and competition in guilds of boreal forest predators' [Unpublished doctoral thesis] (2022)"
Martes martes,Apodemus sylvaticus,Additional data,,https://datadryad.org/stash/dataset/doi:10.5061/dryad.jm63xsj7b
Martes martes,Apodemus sylvaticus,Additional data,,https://datadryad.org/stash/dataset/doi:10.5061/dryad.jm63xsj7b
Martes martes,Arvicola amphibius,Additional data,Macroscopic diet analysis,"Nørgaard, L., Olesen, C.R., Trøjelsgaard, K. et al. eDNA metabarcoding for biodiversity assessment, generalist predators as sampling assistants. Sci Rep 11, 6820 (2021). https://doi.org/10.1038/s41598-021-85488-29"
Martes martes,Arvicola amphibius,Additional data,Scat DNA metabarcoding,"Navarro Waggershauser, 'Lethal and non-lethal interactions and competition in guilds of boreal forest predators' [Unpublished doctoral thesis] (2022)"
Martes martes,Bucephala clangula,Additional data,Scat DNA metabarcoding,"Navarro Waggershauser, 'Lethal and non-lethal interactions and competition in guilds of boreal forest predators' [Unpublished doctoral thesis] (2022)"
Martes martes,Bufo bufo,Additional data,Scat DNA metabarcoding,"Navarro Waggershauser, 'Lethal and non-lethal interactions and competition in guilds of boreal forest predators' [Unpublished doctoral thesis] (2022)"
Martes martes,Capreolus capreolus,Additional data,Scat DNA metabarcoding,"Navarro Waggershauser, 'Lethal and non-lethal interactions and competition in guilds of boreal forest predators' [Unpublished doctoral thesis] (2022)"
Martes martes,Cervus elaphus,Additional data,Scat DNA metabarcoding,"Navarro Waggershauser, 'Lethal and non-lethal interactions and competition in guilds of boreal forest predators' [Unpublished doctoral thesis] (2022)"
Martes martes,Columba,Additional data,Macroscopic diet analysis,"Nørgaard, L., Olesen, C.R., Trøjelsgaard, K. et al. eDNA metabarcoding for biodiversity assessment, generalist predators as sampling assistants. Sci Rep 11, 6820 (2021). https://doi.org/10.1038/s41598-021-85488-35"
Martes martes,Columba,Additional data,Scat DNA metabarcoding,"Navarro Waggershauser, 'Lethal and non-lethal interactions and competition in guilds of boreal forest predators' [Unpublished doctoral thesis] (2022)"
Martes martes,Cuculus canorus,Additional data,Scat DNA metabarcoding,"Navarro Waggershauser, 'Lethal and non-lethal interactions and competition in guilds of boreal forest predators' [Unpublished doctoral thesis] (2022)"
Martes martes,Dendrocopos major,Additional data,Scat DNA metabarcoding,"Navarro Waggershauser, 'Lethal and non-lethal interactions and competition in guilds of boreal forest predators' [Unpublished doctoral thesis] (2022)"
Martes martes,Erithacus rubecula,Additional data,Scat DNA metabarcoding,"Navarro Waggershauser, 'Lethal and non-lethal interactions and competition in guilds of boreal forest predators' [Unpublished doctoral thesis] (2022)"
Martes martes,Fringilla coelebs,Additional data,Scat DNA metabarcoding,"Navarro Waggershauser, 'Lethal and non-lethal interactions and competition in guilds of boreal forest predators' [Unpublished doctoral thesis] (2022)"
Martes martes,Garrulus glandarius,Additional data,Scat DNA metabarcoding,"Navarro Waggershauser, 'Lethal and non-lethal interactions and competition in guilds of boreal forest predators' [Unpublished doctoral thesis] (2022)"
Martes martes,Lagopus,Additional data,Scat DNA metabarcoding,"Navarro Waggershauser, 'Lethal and non-lethal interactions and competition in guilds of boreal forest predators' [Unpublished doctoral thesis] (2022)"
Martes martes,Lepus timidus,Additional data,Scat DNA metabarcoding,"Navarro Waggershauser, 'Lethal and non-lethal interactions and competition in guilds of boreal forest predators' [Unpublished doctoral thesis] (2022)"
Martes martes,Lissotriton helveticus,Additional data,Scat DNA metabarcoding,"Navarro Waggershauser, 'Lethal and non-lethal interactions and competition in guilds of boreal forest predators' [Unpublished doctoral thesis] (2022)"
Martes martes,Lophophanes cristatus,Additional data,Scat DNA metabarcoding,"Navarro Waggershauser, 'Lethal and non-lethal interactions and competition in guilds of boreal forest predators' [Unpublished doctoral thesis] (2022)"
Martes martes,Loxia curvirostra,Additional data,,https://datadryad.org/stash/dataset/doi:10.5061/dryad.jm63xsj7b
Martes martes,Loxia curvirostra,Additional data,,https://datadryad.org/stash/dataset/doi:10.5061/dryad.jm63xsj7b
Martes martes,Martes martes,Additional data,Macroscopic diet analysis,"Nørgaard, L., Olesen, C.R., Trøjelsgaard, K. et al. eDNA metabarcoding for biodiversity assessment, generalist predators as sampling assistants. Sci Rep 11, 6820 (2021). https://doi.org/10.1038/s41598-021-85488-25"
Martes martes,Microtus agrestis,Additional data,Macroscopic diet analysis,"Nørgaard, L., Olesen, C.R., Trøjelsgaard, K. et al. eDNA metabarcoding for biodiversity assessment, generalist predators as sampling assistants. Sci Rep 11, 6820 (2021). https://doi.org/10.1038/s41598-021-85488-32"
Martes martes,Microtus agrestis,Additional data,Scat DNA metabarcoding,"Navarro Waggershauser, 'Lethal and non-lethal interactions and competition in guilds of boreal forest predators' [Unpublished doctoral thesis] (2022)"
Martes martes,Motacilla,Additional data,Scat DNA metabarcoding,"Navarro Waggershauser, 'Lethal and non-lethal interactions and competition in guilds of boreal forest predators' [Unpublished doctoral thesis] (2022)"
Martes martes,Muscicapa striata,Additional data,Scat DNA metabarcoding,"Navarro Waggershauser, 'Lethal and non-lethal interactions and competition in guilds of boreal forest predators' [Unpublished doctoral thesis] (2022)"
Martes martes,Myodes glareolus,Additional data,Scat DNA metabarcoding,"Navarro Waggershauser, 'Lethal and non-lethal interactions and competition in guilds of boreal forest predators' [Unpublished doctoral thesis] (2022)"
Martes martes,Myotis daubentonii,Additional data,,https://datadryad.org/stash/dataset/doi:10.5061/dryad.jm63xsj7b
Martes martes,Oryctolagus cuniculus,Additional data,Scat DNA metabarcoding,"Navarro Waggershauser, 'Lethal and non-lethal interactions and competition in guilds of boreal forest predators' [Unpublished doctoral thesis] (2022)"
Martes martes,Parus major,Additional data,Scat DNA metabarcoding,"Navarro Waggershauser, 'Lethal and non-lethal interactions and competition in guilds of boreal forest predators' [Unpublished doctoral thesis] (2022)"
Martes martes,Periparus ater,Additional data,Scat DNA metabarcoding,"Navarro Waggershauser, 'Lethal and non-lethal interactions and competition in guilds of boreal forest predators' [Unpublished doctoral thesis] (2022)"
Martes martes,Phasianidae,Additional data,Scat DNA metabarcoding,"Navarro Waggershauser, 'Lethal and non-lethal interactions and competition in guilds of boreal forest predators' [Unpublished doctoral thesis] (2022)"
Martes martes,Phylloscopus trochilus,Additional data,Scat DNA metabarcoding,"Navarro Waggershauser, 'Lethal and non-lethal interactions and competition in guilds of boreal forest predators' [Unpublished doctoral thesis] (2022)"
Martes martes,Prunella modularis,Additional data,Scat DNA metabarcoding,"Navarro Waggershauser, 'Lethal and non-lethal interactions and competition in guilds of boreal forest predators' [Unpublished doctoral thesis] (2022)"
Martes martes,Rana temporaria,Additional data,Scat DNA metabarcoding,"Nørgaard, L., Olesen, C.R., Trøjelsgaard, K. et al. eDNA metabarcoding for biodiversity assessment, generalist predators as sampling assistants. Sci Rep 11, 6820 (2021). https://doi.org/10.1038/s41598-021-85488-11"
Martes martes,Rana temporaria,Additional data,Scat DNA metabarcoding,"Navarro Waggershauser, 'Lethal and non-lethal interactions and competition in guilds of boreal forest predators' [Unpublished doctoral thesis] (2022)"
Martes martes,Rattus rattus,Additional data,Scat DNA metabarcoding,"Navarro Waggershauser, 'Lethal and non-lethal interactions and competition in guilds of boreal forest predators' [Unpublished doctoral thesis] (2022)"
Martes martes,Regulus regulus,Additional data,Scat DNA metabarcoding,"Navarro Waggershauser, 'Lethal and non-lethal interactions and competition in guilds of boreal forest predators' [Unpublished doctoral thesis] (2022)"
Martes martes,Sciurus carolinensis,Additional data,Scat DNA metabarcoding,"Navarro Waggershauser, 'Lethal and non-lethal interactions and competition in guilds of boreal forest predators' [Unpublished doctoral thesis] (2022)"
Martes martes,Sciurus vulgaris,Additional data,Scat DNA metabarcoding,"Navarro Waggershauser, 'Lethal and non-lethal interactions and competition in guilds of boreal forest predators' [Unpublished doctoral thesis] (2022)"
Martes martes,Sitta europaea,Additional data,,https://datadryad.org/stash/dataset/doi:10.5061/dryad.jm63xsj7b
Martes martes,Sitta europaea,Additional data,,https://datadryad.org/stash/dataset/doi:10.5061/dryad.jm63xsj7b
Martes martes,Sorex araneus,Additional data,Scat DNA metabarcoding,"Navarro Waggershauser, 'Lethal and non-lethal interactions and competition in guilds of boreal forest predators' [Unpublished doctoral thesis] (2022)"
Martes martes,Sorex minutus,Additional data,Scat DNA metabarcoding,"Navarro Waggershauser, 'Lethal and non-lethal interactions and competition in guilds of boreal forest predators' [Unpublished doctoral thesis] (2022)"
Martes martes,Sturnus vulgaris,Additional data,Scat DNA metabarcoding,"Navarro Waggershauser, 'Lethal and non-lethal interactions and competition in guilds of boreal forest predators' [Unpublished doctoral thesis] (2022)"
Martes martes,Sylvia atricapilla,Additional data,Scat DNA metabarcoding,"Navarro Waggershauser, 'Lethal and non-lethal interactions and competition in guilds of boreal forest predators' [Unpublished doctoral thesis] (2022)"
Martes martes,Talpa europaea,Additional data,Scat DNA metabarcoding,"Navarro Waggershauser, 'Lethal and non-lethal interactions and competition in guilds of boreal forest predators' [Unpublished doctoral thesis] (2022)"
Martes martes,Troglodytes troglodytes,Additional data,Scat DNA metabarcoding,"Navarro Waggershauser, 'Lethal and non-lethal interactions and competition in guilds of boreal forest predators' [Unpublished doctoral thesis] (2022)"
Martes martes,Turdus philomelos,Additional data,Scat DNA metabarcoding,"Navarro Waggershauser, 'Lethal and non-lethal interactions and competition in guilds of boreal forest predators' [Unpublished doctoral thesis] (2022)"
Martes martes,Turdus viscivorus,Additional data,Scat DNA metabarcoding,"Navarro Waggershauser, 'Lethal and non-lethal interactions and competition in guilds of boreal forest predators' [Unpublished doctoral thesis] (2022)"
Martes martes,Vulpes vulpes,Additional data,Scat DNA metabarcoding,"Navarro Waggershauser, 'Lethal and non-lethal interactions and competition in guilds of boreal forest predators' [Unpublished doctoral thesis] (2022)"
Meles meles,Anthus pratensis,Additional data,,https://datadryad.org/stash/dataset/doi:10.5061/dryad.jm63xsj7b
Meles meles,Anthus trivialis,Additional data,,https://datadryad.org/stash/dataset/doi:10.5061/dryad.jm63xsj7b
Meles meles,Apodemus sylvaticus,Additional data,Scat DNA metabarcoding,"Nørgaard, L., Olesen, C.R., Trøjelsgaard, K. et al. eDNA metabarcoding for biodiversity assessment, generalist predators as sampling assistants. Sci Rep 11, 6820 (2021). https://doi.org/10.1038/s41598-021-85488-23"
Meles meles,Apodemus sylvaticus,Additional data,,https://datadryad.org/stash/dataset/doi:10.5061/dryad.jm63xsj7b
Meles meles,Apodemus sylvaticus,Additional data,,https://datadryad.org/stash/dataset/doi:10.5061/dryad.jm63xsj7b
Meles meles,Arvicola amphibius,Additional data,Macroscopic diet analysis,"Nørgaard, L., Olesen, C.R., Trøjelsgaard, K. et al. eDNA metabarcoding for biodiversity assessment, generalist predators as sampling assistants. Sci Rep 11, 6820 (2021). https://doi.org/10.1038/s41598-021-85488-27"
Meles meles,Bufo bufo,Additional data,Scat DNA metabarcoding,"Nørgaard, L., Olesen, C.R., Trøjelsgaard, K. et al. eDNA metabarcoding for biodiversity assessment, generalist predators as sampling assistants. Sci Rep 11, 6820 (2021). https://doi.org/10.1038/s41598-021-85488-9"
Meles meles,Lepus europaeus,Additional data,Scat DNA metabarcoding,"Nørgaard, L., Olesen, C.R., Trøjelsgaard, K. et al. eDNA metabarcoding for biodiversity assessment, generalist predators as sampling assistants. Sci Rep 11, 6820 (2021). https://doi.org/10.1038/s41598-021-85488-19"
Meles meles,Microtus agrestis,Additional data,Macroscopic diet analysis,"Nørgaard, L., Olesen, C.R., Trøjelsgaard, K. et al. eDNA metabarcoding for biodiversity assessment, generalist predators as sampling assistants. Sci Rep 11, 6820 (2021). https://doi.org/10.1038/s41598-021-85488-30"
Meles meles,Myodes glareolus,Additional data,Macroscopic diet analysis,"Nørgaard, L., Olesen, C.R., Trøjelsgaard, K. et al. eDNA metabarcoding for biodiversity assessment, generalist predators as sampling assistants. Sci Rep 11, 6820 (2021). https://doi.org/10.1038/s41598-021-85488-33"
Meles meles,Phylloscopus trochilus,Additional data,,https://www.tandfonline.com/doi/epdf/10.1080/00063657.2012.669359?needAccess=true
Meles meles,Pluvialis apricaria,Additional data,,https://datadryad.org/stash/dataset/doi:10.5061/dryad.jm63xsj7b
Meles meles,Rana temporaria,Additional data,Scat DNA metabarcoding,"Nørgaard, L., Olesen, C.R., Trøjelsgaard, K. et al. eDNA metabarcoding for biodiversity assessment, generalist predators as sampling assistants. Sci Rep 11, 6820 (2021). https://doi.org/10.1038/s41598-021-85488-12"
Meles meles,Sorex araneus,Additional data,Scat DNA metabarcoding,"Nørgaard, L., Olesen, C.R., Trøjelsgaard, K. et al. eDNA metabarcoding for biodiversity assessment, generalist predators as sampling assistants. Sci Rep 11, 6820 (2021). https://doi.org/10.1038/s41598-021-85488-17"
Meles meles,Talpa europaea,Additional data,Scat DNA metabarcoding,"Nørgaard, L., Olesen, C.R., Trøjelsgaard, K. et al. eDNA metabarcoding for biodiversity assessment, generalist predators as sampling assistants. Sci Rep 11, 6820 (2021). https://doi.org/10.1038/s41598-021-85488-18"
Meles meles,Turdus philomelos,Additional data,Scat DNA metabarcoding,"Nørgaard, L., Olesen, C.R., Trøjelsgaard, K. et al. eDNA metabarcoding for biodiversity assessment, generalist predators as sampling assistants. Sci Rep 11, 6820 (2021). https://doi.org/10.1038/s41598-021-85488-20"
Pica pica,Acanthis cabaret,Additional data,,Evidence of eating Acanthis genus from GLOBI data- European meta web
Strix aluco,Acanthis cabaret,Additional data,,Evidence of eating Acanthis genus from GLOBI data- European meta web
Strix aluco,Anthus pratensis,Additional data,,https://datadryad.org/stash/dataset/doi:10.5061/dryad.jm63xsj7b
Strix aluco,Anthus trivialis,Additional data,,https://datadryad.org/stash/dataset/doi:10.5061/dryad.jm63xsj7b
Strix aluco,Apodemus sylvaticus,Additional data,Macroscopic diet analysis,"Kirk, D. A. (1992) Diet changes in breeding tawny owls (Strix aluco). J Raptor Res, 26: 239-242."
Strix aluco,Apodemus sylvaticus,Additional data,,https://datadryad.org/stash/dataset/doi:10.5061/dryad.jm63xsj7b
Strix aluco,Cardeulis cardeulis,Additional data,Macroscopic diet analysis,"Kirk, D. A. (1992) Diet changes in breeding tawny owls (Strix aluco). J Raptor Res, 26: 239-242."
Strix aluco,Certhia familiaris,Additional data,,https://datadryad.org/stash/dataset/doi:10.5061/dryad.jm63xsj7b
Strix aluco,Cyanistes caeruleus,Additional data,Macroscopic diet analysis,"Kirk, D. A. (1992) Diet changes in breeding tawny owls (Strix aluco). J Raptor Res, 26: 239-242."
Strix aluco,Erithacus rubecula,Additional data,Macroscopic diet analysis,"Kirk, D. A. (1992) Diet changes in breeding tawny owls (Strix aluco). J Raptor Res, 26: 239-242."
Strix aluco,Fringilla coelebs,Additional data,Macroscopic diet analysis,"Kirk, D. A. (1992) Diet changes in breeding tawny owls (Strix aluco). J Raptor Res, 26: 239-242."
Strix aluco,Garrulus glandarius,Additional data,Macroscopic diet analysis,"Kirk, D. A. (1992) Diet changes in breeding tawny owls (Strix aluco). J Raptor Res, 26: 239-242."
Strix aluco,Haematopus ostralegus,Additional data,,https://datadryad.org/stash/dataset/doi:10.5061/dryad.jm63xsj7b
Strix aluco,Haematopus ostralegus,Additional data,,https://datadryad.org/stash/dataset/doi:10.5061/dryad.jm63xsj7b
Strix aluco,Loxia curvirostra,Additional data,,https://datadryad.org/stash/dataset/doi:10.5061/dryad.jm63xsj7b
Strix aluco,Microtus agrestis,Additional data,Macroscopic diet analysis,"Kirk, D. A. (1992) Diet changes in breeding tawny owls (Strix aluco). J Raptor Res, 26: 239-242."
Strix aluco,Myodes glareolus,Additional data,Macroscopic diet analysis,"Kirk, D. A. (1992) Diet changes in breeding tawny owls (Strix aluco). J Raptor Res, 26: 239-242."
Strix aluco,Myotis daubentonii,Additional data,,https://datadryad.org/stash/dataset/doi:10.5061/dryad.jm63xsj7b
Strix aluco,Neomys fodiens,Additional data,,https://datadryad.org/stash/dataset/doi:10.5061/dryad.jm63xsj7b
Strix aluco,Oryctolagus cuniculus,Additional data,Macroscopic diet analysis,"Kirk, D. A. (1992) Diet changes in breeding tawny owls (Strix aluco). J Raptor Res, 26: 239-242."
Strix aluco,Passer domesticus,Additional data,Macroscopic diet analysis,"Kirk, D. A. (1992) Diet changes in breeding tawny owls (Strix aluco). J Raptor Res, 26: 239-242."
Strix aluco,Periparus ater,Additional data,Macroscopic diet analysis,"Kirk, D. A. (1992) Diet changes in breeding tawny owls (Strix aluco). J Raptor Res, 26: 239-242."
Strix aluco,Pipistrellus pipistrellus,Additional data,,https://datadryad.org/stash/dataset/doi:10.5061/dryad.jm63xsj7b
Strix aluco,Pipistrellus pygmaeus,Additional data,,https://datadryad.org/stash/dataset/doi:10.5061/dryad.jm63xsj7b
Strix aluco,Pluvialis apricaria,Additional data,,https://datadryad.org/stash/dataset/doi:10.5061/dryad.jm63xsj7b
Strix aluco,Pluvialis apricaria,Additional data,,https://datadryad.org/stash/dataset/doi:10.5061/dryad.jm63xsj7b
Strix aluco,Prunella modularis,Additional data,Macroscopic diet analysis,"Kirk, D. A. (1992) Diet changes in breeding tawny owls (Strix aluco). J Raptor Res, 26: 239-242."
Strix aluco,Saxicola rubetra,Additional data,,https://datadryad.org/stash/dataset/doi:10.5061/dryad.jm63xsj7b
Strix aluco,Sitta europaea,Additional data,,https://datadryad.org/stash/dataset/doi:10.5061/dryad.jm63xsj7b
Strix aluco,Sorex araneus,Additional data,Macroscopic diet analysis,"Kirk, D. A. (1992) Diet changes in breeding tawny owls (Strix aluco). J Raptor Res, 26: 239-242."
Strix aluco,Sturnus vulgaris,Additional data,Macroscopic diet analysis,"Kirk, D. A. (1992) Diet changes in breeding tawny owls (Strix aluco). J Raptor Res, 26: 239-242."
Strix aluco,Troglodytes troglodytes,Additional data,Macroscopic diet analysis,"Kirk, D. A. (1992) Diet changes in breeding tawny owls (Strix aluco). J Raptor Res, 26: 239-242."
Strix aluco,Turdus iliacus,Additional data,Macroscopic diet analysis,"Kirk, D. A. (1992) Diet changes in breeding tawny owls (Strix aluco). J Raptor Res, 26: 239-242."
Strix aluco,Turdus merula,Additional data,Macroscopic diet analysis,"Kirk, D. A. (1992) Diet changes in breeding tawny owls (Strix aluco). J Raptor Res, 26: 239-242."
Strix aluco,Turdus philomelos,Additional data,Macroscopic diet analysis,"Kirk, D. A. (1992) Diet changes in breeding tawny owls (Strix aluco). J Raptor Res, 26: 239-242."
Turdus,Rana temporaria,Additional data,,"https://birdfact.com/articles/what-do-blackbirds-eat#:~:text=These%20omnivorous%20birds%20will%20prey,Frogs%20and%20tadpoles"
Turdus merula,Anthus pratensis,Additional data,,https://datadryad.org/stash/dataset/doi:10.5061/dryad.jm63xsj7b
Turdus pilaris,Anthus pratensis,Additional data,,https://datadryad.org/stash/dataset/doi:10.5061/dryad.jm63xsj7b
Turdus_philomelos,Rana temporaria,Additional data,,https://limosa.nou.nu/limosa_samenvatting.php?language=UK&nr=5332
Vulpes vulpes,Acanthis cabaret,Additional data,,Evidence of eating Acanthis genus from GLOBI data- European meta web
Vulpes vulpes,Accipiter nisus,Additional data,Scat DNA metabarcoding,"Navarro Waggershauser,(2022) 'Lethal and non-lethal interactions and competition in guilds of boreal forest predators' [Unpublished doctoral thesis]"
Vulpes vulpes,Actitis hypoleucos,Additional data,Scat DNA metabarcoding,"Navarro Waggershauser,(2022) 'Lethal and non-lethal interactions and competition in guilds of boreal forest predators' [Unpublished doctoral thesis]"
Vulpes vulpes,Anatidae,Additional data,Scat DNA metabarcoding,"Navarro Waggershauser, 'Lethal and non-lethal interactions and competition in guilds of boreal forest predators' [Unpublished doctoral thesis] (2022)"
Vulpes vulpes,Anthus pratensis,Additional data,,https://datadryad.org/stash/dataset/doi:10.5061/dryad.jm63xsj7b
Vulpes vulpes,Anthus pratensis,Additional data,,https://datadryad.org/stash/dataset/doi:10.5061/dryad.jm63xsj7b
Vulpes vulpes,Anthus trivialis,Additional data,,https://datadryad.org/stash/dataset/doi:10.5061/dryad.jm63xsj7b
Vulpes vulpes,Anthus trivialis,Additional data,,https://datadryad.org/stash/dataset/doi:10.5061/dryad.jm63xsj7b
Vulpes vulpes,Apodemus sylvaticus,Additional data,Scat DNA metabarcoding,"Nørgaard, L., Olesen, C.R., Trøjelsgaard, K. et al. eDNA metabarcoding for biodiversity assessment, generalist predators as sampling assistants. Sci Rep 11, 6820 (2021). https://doi.org/10.1038/s41598-021-85488-24"
Vulpes vulpes,Apodemus sylvaticus,Additional data,Scat DNA metabarcoding,"Navarro Waggershauser, 'Lethal and non-lethal interactions and competition in guilds of boreal forest predators' [Unpublished doctoral thesis] (2022)"
Vulpes vulpes,Apodemus sylvaticus,Additional data,,https://datadryad.org/stash/dataset/doi:10.5061/dryad.jm63xsj7b
Vulpes vulpes,Apodemus sylvaticus,Additional data,,https://datadryad.org/stash/dataset/doi:10.5061/dryad.jm63xsj7b
Vulpes vulpes,Ardea cinerea,Additional data,Scat DNA metabarcoding,"Navarro Waggershauser, 'Lethal and non-lethal interactions and competition in guilds of boreal forest predators' [Unpublished doctoral thesis] (2022)"
Vulpes vulpes,Arvicola amphibius,Additional data,Macroscopic diet analysis,"Nørgaard, L., Olesen, C.R., Trøjelsgaard, K. et al. eDNA metabarcoding for biodiversity assessment, generalist predators as sampling assistants. Sci Rep 11, 6820 (2021). https://doi.org/10.1038/s41598-021-85488-28"
Vulpes vulpes,Arvicola amphibius,Additional data,Scat DNA metabarcoding,"Navarro Waggershauser, 'Lethal and non-lethal interactions and competition in guilds of boreal forest predators' [Unpublished doctoral thesis] (2022)"
Vulpes vulpes,Bucephala clangula,Additional data,Scat DNA metabarcoding,"Navarro Waggershauser, 'Lethal and non-lethal interactions and competition in guilds of boreal forest predators' [Unpublished doctoral thesis] (2022)"
Vulpes vulpes,Bufo bufo,Additional data,Scat DNA metabarcoding,"Nørgaard, L., Olesen, C.R., Trøjelsgaard, K. et al. eDNA metabarcoding for biodiversity assessment, generalist predators as sampling assistants. Sci Rep 11, 6820 (2021). https://doi.org/10.1038/s41598-021-85488-10"
Vulpes vulpes,Bufo bufo,Additional data,Scat DNA metabarcoding,"Navarro Waggershauser, 'Lethal and non-lethal interactions and competition in guilds of boreal forest predators' [Unpublished doctoral thesis] (2022)"
Vulpes vulpes,Capreolus capreolus,Additional data,Scat DNA metabarcoding,"Nørgaard, L., Olesen, C.R., Trøjelsgaard, K. et al. eDNA metabarcoding for biodiversity assessment, generalist predators as sampling assistants. Sci Rep 11, 6820 (2021). https://doi.org/10.1038/s41598-021-85488-13"
Vulpes vulpes,Capreolus capreolus,Additional data,Scat DNA metabarcoding,"Navarro Waggershauser, 'Lethal and non-lethal interactions and competition in guilds of boreal forest predators' [Unpublished doctoral thesis] (2022)"
Vulpes vulpes,Cervus elaphus,Additional data,Scat DNA metabarcoding,"Nørgaard, L., Olesen, C.R., Trøjelsgaard, K. et al. eDNA metabarcoding for biodiversity assessment, generalist predators as sampling assistants. Sci Rep 11, 6820 (2021). https://doi.org/10.1038/s41598-021-85488-15"
Vulpes vulpes,Cervus elaphus,Additional data,Scat DNA metabarcoding,"Navarro Waggershauser, 'Lethal and non-lethal interactions and competition in guilds of boreal forest predators' [Unpublished doctoral thesis] (2022)"
Vulpes vulpes,Cervus nippon,Additional data,Scat DNA metabarcoding,"Navarro Waggershauser, 'Lethal and non-lethal interactions and competition in guilds of boreal forest predators' [Unpublished doctoral thesis] (2022)"
Vulpes vulpes,Columba,Additional data,Scat DNA metabarcoding,"Navarro Waggershauser, 'Lethal and non-lethal interactions and competition in guilds of boreal forest predators' [Unpublished doctoral thesis] (2022)"
Vulpes vulpes,Cuculus canorus,Additional data,Scat DNA metabarcoding,"Navarro Waggershauser, 'Lethal and non-lethal interactions and competition in guilds of boreal forest predators' [Unpublished doctoral thesis] (2022)"
Vulpes vulpes,Curruca communis,Additional data,,https://birdfact.com/birds/whitethroat
Vulpes vulpes,Dama dama,Additional data,Scat DNA metabarcoding,"Nørgaard, L., Olesen, C.R., Trøjelsgaard, K. et al. eDNA metabarcoding for biodiversity assessment, generalist predators as sampling assistants. Sci Rep 11, 6820 (2021). https://doi.org/10.1038/s41598-021-85488-16"
Vulpes vulpes,Erinaceus europaeus,Additional data,Macroscopic diet analysis,"Nørgaard, L., Olesen, C.R., Trøjelsgaard, K. et al. eDNA metabarcoding for biodiversity assessment, generalist predators as sampling assistants. Sci Rep 11, 6820 (2021). https://doi.org/10.1038/s41598-021-85488-26"
Vulpes vulpes,Erithacus rubecula,Additional data,Scat DNA metabarcoding,"Navarro Waggershauser, 'Lethal and non-lethal interactions and competition in guilds of boreal forest predators' [Unpublished doctoral thesis] (2022)"
Vulpes vulpes,Fringilla coelebs,Additional data,Scat DNA metabarcoding,"Navarro Waggershauser, 'Lethal and non-lethal interactions and competition in guilds of boreal forest predators' [Unpublished doctoral thesis] (2022)"
Vulpes vulpes,Garrulus glandarius,Additional data,Scat DNA metabarcoding,"Navarro Waggershauser, 'Lethal and non-lethal interactions and competition in guilds of boreal forest predators' [Unpublished doctoral thesis] (2022)"
Vulpes vulpes,Haematopus ostralegus,Additional data,,https://datadryad.org/stash/dataset/doi:10.5061/dryad.jm63xsj7b
Vulpes vulpes,Haematopus ostralegus,Additional data,,https://datadryad.org/stash/dataset/doi:10.5061/dryad.jm63xsj7b
Vulpes vulpes,Lagopus,Additional data,Scat DNA metabarcoding,"Navarro Waggershauser, 'Lethal and non-lethal interactions and competition in guilds of boreal forest predators' [Unpublished doctoral thesis] (2022)"
Vulpes vulpes,Lepus timidus,Additional data,Scat DNA metabarcoding,"Navarro Waggershauser, 'Lethal and non-lethal interactions and competition in guilds of boreal forest predators' [Unpublished doctoral thesis] (2022)"
Vulpes vulpes,Lissotriton helveticus,Additional data,Scat DNA metabarcoding,"Navarro Waggershauser, 'Lethal and non-lethal interactions and competition in guilds of boreal forest predators' [Unpublished doctoral thesis] (2022)"
Vulpes vulpes,Lophophanes cristatus,Additional data,Scat DNA metabarcoding,"Navarro Waggershauser, 'Lethal and non-lethal interactions and competition in guilds of boreal forest predators' [Unpublished doctoral thesis] (2022)"
Vulpes vulpes,Martes martes,Additional data,Scat DNA metabarcoding,"Navarro Waggershauser, 'Lethal and non-lethal interactions and competition in guilds of boreal forest predators' [Unpublished doctoral thesis] (2022)"
Vulpes vulpes,Meles meles,Additional data,Scat DNA metabarcoding,"Navarro Waggershauser, 'Lethal and non-lethal interactions and competition in guilds of boreal forest predators' [Unpublished doctoral thesis] (2022)"
Vulpes vulpes,Microtus agrestis,Additional data,Macroscopic diet analysis,"Nørgaard, L., Olesen, C.R., Trøjelsgaard, K. et al. eDNA metabarcoding for biodiversity assessment, generalist predators as sampling assistants. Sci Rep 11, 6820 (2021). https://doi.org/10.1038/s41598-021-85488-31"
Vulpes vulpes,Microtus agrestis,Additional data,Scat DNA metabarcoding,"Navarro Waggershauser, 'Lethal and non-lethal interactions and competition in guilds of boreal forest predators' [Unpublished doctoral thesis] (2022)"
Vulpes vulpes,Motacilla,Additional data,Scat DNA metabarcoding,"Navarro Waggershauser, 'Lethal and non-lethal interactions and competition in guilds of boreal forest predators' [Unpublished doctoral thesis] (2022)"
Vulpes vulpes,Muscicapa striata,Additional data,Scat DNA metabarcoding,"Navarro Waggershauser, 'Lethal and non-lethal interactions and competition in guilds of boreal forest predators' [Unpublished doctoral thesis] (2022)"
Vulpes vulpes,Myodes glareolus,Additional data,Scat DNA metabarcoding,"Nørgaard, L., Olesen, C.R., Trøjelsgaard, K. et al. eDNA metabarcoding for biodiversity assessment, generalist predators as sampling assistants. Sci Rep 11, 6820 (2021). https://doi.org/10.1038/s41598-021-85488-22"
Vulpes vulpes,Myodes glareolus,Additional data,Macroscopic diet analysis,"Nørgaard, L., Olesen, C.R., Trøjelsgaard, K. et al. eDNA metabarcoding for biodiversity assessment, generalist predators as sampling assistants. Sci Rep 11, 6820 (2021). https://doi.org/10.1038/s41598-021-85488-34"
Vulpes vulpes,Myodes glareolus,Additional data,Scat DNA metabarcoding,"Navarro Waggershauser, 'Lethal and non-lethal interactions and competition in guilds of boreal forest predators' [Unpublished doctoral thesis] (2022)"
Vulpes vulpes,Numenius arquata,Additional data,Scat DNA metabarcoding,"Navarro Waggershauser, 'Lethal and non-lethal interactions and competition in guilds of boreal forest predators' [Unpublished doctoral thesis] (2022)"
Vulpes vulpes,Oryctolagus cuniculus,Additional data,Scat DNA metabarcoding,"Navarro Waggershauser, 'Lethal and non-lethal interactions and competition in guilds of boreal forest predators' [Unpublished doctoral thesis] (2022)"
Vulpes vulpes,Periparus ater,Additional data,Scat DNA metabarcoding,"Navarro Waggershauser, 'Lethal and non-lethal interactions and competition in guilds of boreal forest predators' [Unpublished doctoral thesis] (2022)"
Vulpes vulpes,Phalacrocorax carbo,Additional data,Scat DNA metabarcoding,"Nørgaard, L., Olesen, C.R., Trøjelsgaard, K. et al. eDNA metabarcoding for biodiversity assessment, generalist predators as sampling assistants. Sci Rep 11, 6820 (2021). https://doi.org/10.1038/s41598-021-85488-21"
Vulpes vulpes,Phasianidae,Additional data,Scat DNA metabarcoding,"Navarro Waggershauser, 'Lethal and non-lethal interactions and competition in guilds of boreal forest predators' [Unpublished doctoral thesis] (2022)"
Vulpes vulpes,Phylloscopus trochilus,Additional data,Scat DNA metabarcoding,"Navarro Waggershauser, 'Lethal and non-lethal interactions and competition in guilds of boreal forest predators' [Unpublished doctoral thesis] (2022)"
Vulpes vulpes,Phylloscopus trochilus,Additional data,,https://www.tandfonline.com/doi/epdf/10.1080/00063657.2012.669359?needAccess=true
Vulpes vulpes,Pluvialis apricaria,Additional data,,https://datadryad.org/stash/dataset/doi:10.5061/dryad.jm63xsj7b
Vulpes vulpes,Pluvialis apricaria,Additional data,,https://datadryad.org/stash/dataset/doi:10.5061/dryad.jm63xsj7b
Vulpes vulpes,Rana temporaria,Additional data,Scat DNA metabarcoding,"Navarro Waggershauser, 'Lethal and non-lethal interactions and competition in guilds of boreal forest predators' [Unpublished doctoral thesis] (2022)"
Vulpes vulpes,Saxicola rubetra,Additional data,,https://datadryad.org/stash/dataset/doi:10.5061/dryad.jm63xsj7b
Vulpes vulpes,Saxicola rubetra,Additional data,,https://datadryad.org/stash/dataset/doi:10.5061/dryad.jm63xsj7b
Vulpes vulpes,Sciurus vulgaris,Additional data,Scat DNA metabarcoding,"Navarro Waggershauser, 'Lethal and non-lethal interactions and competition in guilds of boreal forest predators' [Unpublished doctoral thesis] (2022)"
Vulpes vulpes,Scolopax rusticola,Additional data,Scat DNA metabarcoding,"Navarro Waggershauser, 'Lethal and non-lethal interactions and competition in guilds of boreal forest predators' [Unpublished doctoral thesis] (2022)"
Vulpes vulpes,Sitta europaea,Additional data,,https://datadryad.org/stash/dataset/doi:10.5061/dryad.jm63xsj7b
Vulpes vulpes,Sorex araneus,Additional data,Scat DNA metabarcoding,"Navarro Waggershauser, 'Lethal and non-lethal interactions and competition in guilds of boreal forest predators' [Unpublished doctoral thesis] (2022)"
Vulpes vulpes,Sorex minutus,Additional data,Scat DNA metabarcoding,"Navarro Waggershauser, 'Lethal and non-lethal interactions and competition in guilds of boreal forest predators' [Unpublished doctoral thesis] (2022)"
Vulpes vulpes,Talpa europaea,Additional data,Scat DNA metabarcoding,"Navarro Waggershauser, 'Lethal and non-lethal interactions and competition in guilds of boreal forest predators' [Unpublished doctoral thesis] (2022)"
Vulpes vulpes,Troglodytes troglodytes,Additional data,Scat DNA metabarcoding,"Navarro Waggershauser, 'Lethal and non-lethal interactions and competition in guilds of boreal forest predators' [Unpublished doctoral thesis] (2022)"
Vulpes vulpes,Turdus philomelos,Additional data,Scat DNA metabarcoding,"Navarro Waggershauser, 'Lethal and non-lethal interactions and competition in guilds of boreal forest predators' [Unpublished doctoral thesis] (2022)"
Vulpes vulpes,Turdus viscivorus,Additional data,Scat DNA metabarcoding,"Navarro Waggershauser, 'Lethal and non-lethal interactions and competition in guilds of boreal forest predators' [Unpublished doctoral thesis] (2022)"
Vulpes vulpes,Vanellus vanellus,Additional data,Scat DNA metabarcoding,"Navarro Waggershauser, 'Lethal and non-lethal interactions and competition in guilds of boreal forest predators' [Unpublished doctoral thesis] (2022)"